"List of topics","List of topics 2","Date","Gap analysis","Revision 1","Revision 2","Column 3","Column 4","Column 5","Column 6","Column 7","Column 8","Column 9","Column 10","Column 11","Column 12","Column 13","Column 14","Column 15","Column 16","Column 17","Column 18","Column 19","Column 20","Column 21","Column 22"
"1. Index","","","","FALSE","FALSE","","","","","","","","","","","","","","","","","","","",""
"2. New antibiotics","","","","FALSE","FALSE","","","","","","","","","","","","","","","","","","","",""
"","Zoliflodacin","01/08/2026","","FALSE","FALSE","","","","","","","","","","","","","","","","","","","",""
"3. Beta-lactams","","","","FALSE","FALSE","","","","","","","","","","","","","","","","","","","",""
"","3.1. Penicillin","","","FALSE","FALSE","","","","","","","","","","","","","","","","","","","",""
"","3.2. Amoxicillin","","","FALSE","FALSE","","","","","","","","","","","","","","","","","","","",""
"","3.3. Coamoxiclav","","","FALSE","FALSE","","","","","","","","","","","","","","","","","","","",""
"","3.4. Piperacillin-Tazobactam","","","FALSE","FALSE","","","","","","","","","","","","","","","","","","","",""
"","3.5. Flucloxacillin","","","FALSE","FALSE","","","","","","","","","","","","","","","","","","","",""
"","3.6. Temocillin","","","FALSE","FALSE","","","","","","","","","","","","","","","","","","","",""
"","3.7. Pivmecillinam","","","FALSE","FALSE","","","","","","","","","","","","","","","","","","","",""
"","3.8. Cephalosporin introduction","","","FALSE","FALSE","","","","","","","","","","","","","","","","","","","",""
"","3.9. Cefalexin","","","FALSE","FALSE","","","","","","","","","","","","","","","","","","","",""
"","3.10. Cefazolin","","","FALSE","FALSE","","","","","","","","","","","","","","","","","","","",""
"","3.11. 2nd generation cephalosporins","","","FALSE","FALSE","","","","","","","","","","","","","","","","","","","",""
"","3.12. 3rd generation cephalosporins","","","FALSE","FALSE","","","","","","","","","","","","","","","","","","","",""
"","3.13. Cefepime & Cefepime/enmetazobactam","","","FALSE","FALSE","","","","","","","","","","","","","","","","","","","",""
"","3.14. Ceftolozane-tazobactam","","","FALSE","FALSE","","","","","","","","","","","","","","","","","","","",""
"","3.15. Ceftazidime avibactam","","","FALSE","FALSE","","","","","","","","","","","","","","","","","","","",""
"","3.16. Cefiderocol","","","FALSE","FALSE","","","","","","","","","","","","","","","","","","","",""
"","3.17. Ertapenem","","","FALSE","FALSE","","","","","","","","","","","","","","","","","","","",""
"","3.18. Meropenem","","","FALSE","FALSE","","","","","","","","","","","","","","","","","","","",""
"","3.19. Imipenem & Imipenem-relebactam","","","FALSE","FALSE","","","","","","","","","","","","","","","","","","","",""
"","3.20. Aztreonam","","","FALSE","FALSE","","","","","","","","","","","","","","","","","","","",""
"4. Macrolide: Erythromycin, Clarithromycin, Azithromycin","","","","FALSE","FALSE","","","","","","","","","","","","","","","","","","","",""
"5. Clindamycin","","","","FALSE","FALSE","","","","","","","","","","","","","","","","","","","",""
"6. Linezolid","","","","FALSE","FALSE","","","","","","","","","","","","","","","","","","","",""
"7. Tetracycline, Doxycycline, Minocycline","","","","FALSE","FALSE","","","","","","","","","","","","","","","","","","","",""
"8. Tigecycline","","","","FALSE","FALSE","","","","","","","","","","","","","","","","","","","",""
"9. Quinolone (Ciprofloxacin, Levofloxacin, Moxifloxacin)","","","","FALSE","FALSE","","","","","","","","","","","","","","","","","","","",""
"10. Gepotidacin (Triazaacenaphthylene)","","","","FALSE","FALSE","","","","","","","","","","","","","","","","","","","",""
"11. Glycopeptide","","","","FALSE","FALSE","","","","","","","","","","","","","","","","","","","",""
"","11.1. TDM","","","FALSE","FALSE","","","","","","","","","","","","","","","","","","","",""
"","11.2. Dalbavancin","","","FALSE","FALSE","","","","","","","","","","","","","","","","","","","",""
"12. Aminoglycoside (AG)","","","","FALSE","FALSE","","","","","","","","","","","","","","","","","","","",""
"13. Trimethoprim & Cotrimoxazole","","","","FALSE","FALSE","","","","","","","","","","","","","","","","","","","",""
"14. Daptomycin","","","","FALSE","FALSE","","","","","","","","","","","","","","","","","","","",""
"15. Fosfomycin","","","","FALSE","FALSE","","","","","","","","","","","","","","","","","","","",""
"16. Nitrofurantoin","","","","FALSE","FALSE","","","","","","","","","","","","","","","","","","","",""
"17. Colistin and PolymyxinB","","","","FALSE","FALSE","","","","","","","","","","","","","","","","","","","",""
"18. Chloramphenicol","","","","FALSE","FALSE","","","","","","","","","","","","","","","","","","","",""
"19. Mupirocin","","","","FALSE","FALSE","","","","","","","","","","","","","","","","","","","",""
"20. Fusidic acid","","","","FALSE","FALSE","","","","","","","","","","","","","","","","","","","",""
"21. Metronidazole","","","","FALSE","FALSE","","","","","","","","","","","","","","","","","","","",""
"22. Fidaxomicin","","","","FALSE","FALSE","","","","","","","","","","","","","","","","","","","",""
"23. Lefamulin","","","","FALSE","FALSE","","","","","","","","","","","","","","","","","","","",""
"24. Bacitracin","","","","FALSE","FALSE","","","","","","","","","","","","","","","","","","","",""
"25. Anti-Mycobacterial","","","","FALSE","FALSE","","","","","","","","","","","","","","","","","","","",""
"","25.1. Rifampicin","","","FALSE","FALSE","","","","","","","","","","","","","","","","","","","",""
"","25.2. Isoniazid","","","FALSE","FALSE","","","","","","","","","","","","","","","","","","","",""
"","25.3. Ethambutol","","","FALSE","FALSE","","","","","","","","","","","","","","","","","","","",""
"","25.4. Pyrazinamide","","","FALSE","FALSE","","","","","","","","","","","","","","","","","","","",""
"","25.5. Bedaquiline","","","FALSE","FALSE","","","","","","","","","","","","","","","","","","","",""
"","25.6. Delamanid","","","FALSE","FALSE","","","","","","","","","","","","","","","","","","","",""
"","25.7. Pretomanid","","","FALSE","FALSE","","","","","","","","","","","","","","","","","","","",""
"","25.8. 2nd line ATD: PAS, Capreomycin, Cycloserine, Ethionamide/Prothionamide","","","FALSE","FALSE","","","","","","","","","","","","","","","","","","","",""
"","25.9. Dapsone","","","FALSE","FALSE","","","","","","","","","","","","","","","","","","","",""
"","25.10. Clofazimine","","","FALSE","FALSE","","","","","","","","","","","","","","","","","","","",""
"26. Antifungals","","","","FALSE","FALSE","","","","","","","","","","","","","","","","","","","",""
"","26.1. Nikkomycin Z","","","FALSE","FALSE","","","","","","","","","","","","","","","","","","","",""
"","26.2. Ibrexafungerp","","","FALSE","FALSE","","","","","","","","","","","","","","","","","","","",""
"","26.3. Fosmanogepix","","","FALSE","FALSE","","","","","","","","","","","","","","","","","","","",""
"","26.4. Olorofim","","","FALSE","FALSE","","","","","","","","","","","","","","","","","","","",""
"","26.5. 5-flucytosine (5FC)","","","FALSE","FALSE","","","","","","","","","","","","","","","","","","","",""
"","26.6. Terbinafine","","","FALSE","FALSE","","","","","","","","","","","","","","","","","","","",""
"","26.7. Amphotericin B","","","FALSE","FALSE","","","","","","","","","","","","","","","","","","","",""
"","26.8. Nystatin","","","FALSE","FALSE","","","","","","","","","","","","","","","","","","","",""
"","26.9. Azoles","","","FALSE","FALSE","","","","","","","","","","","","","","","","","","","",""
"","26.10. Echinocandins","","","FALSE","FALSE","","","","","","","","","","","","","","","","","","","",""
"27. Anti-retroviral drugs","","","","FALSE","FALSE","","","","","","","","","","","","","","","","","","","",""
"","27.1. Lamivudine","","","FALSE","FALSE","","","","","","","","","","","","","","","","","","","",""
"","27.2. Abacavir","","","FALSE","FALSE","","","","","","","","","","","","","","","","","","","",""
"","27.3. Emtricitabine","","","FALSE","FALSE","","","","","","","","","","","","","","","","","","","",""
"","27.4. Tenofovir","","","FALSE","FALSE","","","","","","","","","","","","","","","","","","","",""
"","27.5. Efavirenz","","","FALSE","FALSE","","","","","","","","","","","","","","","","","","","",""
"","27.6. Dolutegravir","","","FALSE","FALSE","","","","","","","","","","","","","","","","","","","",""
"","27.7. Maraviroc","","","FALSE","FALSE","","","","","","","","","","","","","","","","","","","",""
"","27.8. Lopinavir/Ritonavir","","","FALSE","FALSE","","","","","","","","","","","","","","","","","","","",""
"","27.9. Doravirine","","","FALSE","FALSE","","","","","","","","","","","","","","","","","","","",""
"28. Anti-hepatitis drugs","","","","FALSE","FALSE","","","","","","","","","","","","","","","","","","","",""
"","28.1. Anti-HCV: Sofosbuvir","","","FALSE","FALSE","","","","","","","","","","","","","","","","","","","",""
"","28.2. Anti-HCV: Velpatasvir","","","FALSE","FALSE","","","","","","","","","","","","","","","","","","","",""
"","28.3. Anti-HCV: Glecaprevir/Pibrentasvir","","","FALSE","FALSE","","","","","","","","","","","","","","","","","","","",""
"","28.4. Anti-HCV: Ledipasvir/Sofosbuvir","","","FALSE","FALSE","","","","","","","","","","","","","","","","","","","",""
"","28.5. Anti-HCV: Voxilaprevir","","","FALSE","FALSE","","","","","","","","","","","","","","","","","","","",""
"","28.6. Anti-HDV: Bulevirtide","","","FALSE","FALSE","","","","","","","","","","","","","","","","","","","",""
"","28.7. Anti-HCV: Elbasvir/Grazoprevir","","","FALSE","FALSE","","","","","","","","","","","","","","","","","","","",""
"29. Anti-influenza drugs","","","","FALSE","FALSE","","","","","","","","","","","","","","","","","","","",""
"","29.1. Oseltamivir","","","FALSE","FALSE","","","","","","","","","","","","","","","","","","","",""
"","29.2. Zanamivir","","","FALSE","FALSE","","","","","","","","","","","","","","","","","","","",""
"","29.3. Baloxavir Marboxil","","","FALSE","FALSE","","","","","","","","","","","","","","","","","","","",""
"30. Anti-Herpesvirus drugs","","","","FALSE","FALSE","","","","","","","","","","","","","","","","","","","",""
"","30.1. Aciclovir","","","FALSE","FALSE","","","","","","","","","","","","","","","","","","","",""
"","30.2. Valaciclovir, Famciclovir, Penciclovir","","","FALSE","FALSE","","","","","","","","","","","","","","","","","","","",""
"","30.3. Ganciclovir","","","FALSE","FALSE","","","","","","","","","","","","","","","","","","","",""
"","30.4. Cidofovir","","","FALSE","FALSE","","","","","","","","","","","","","","","","","","","",""
"","30.5. Foscarnet","","","FALSE","FALSE","","","","","","","","","","","","","","","","","","","",""
"31. Miscellaneous antivirals","","","","FALSE","FALSE","","","","","","","","","","","","","","","","","","","",""
"","31.1. Tecovirimat","","","FALSE","FALSE","","","","","","","","","","","","","","","","","","","",""
"","31.2. Ribavirin","","","FALSE","FALSE","","","","","","","","","","","","","","","","","","","",""
"32. Antiparasitic drugs","","","","FALSE","FALSE","","","","","","","","","","","","","","","","","","","",""
"","32.1. Anti-malarials","","","FALSE","FALSE","","","","","","","","","","","","","","","","","","","",""
"","32.2. Anti-amoebicide/Giardia","","","FALSE","FALSE","","","","","","","","","","","","","","","","","","","",""
"","32.3. Anti Trypanosomal drugs","","","FALSE","FALSE","","","","","","","","","","","","","","","","","","","",""
"33. Miscellaneous topics","","","","FALSE","FALSE","","","","","","","","","","","","","","","","","","","",""
"","33.1. Some important definitions for exam","","","FALSE","FALSE","","","","","","","","","","","","","","","","","","","",""
"","33.2. Adverse effects","","","FALSE","FALSE","","","","","","","","","","","","","","","","","","","",""
"","33.3. Drugs to be avoided in G6PD deficiency","","","FALSE","FALSE","","","","","","","","","","","","","","","","","","","",""
"","33.4. Antibiotic Classes and site of action","","","FALSE","FALSE","","","","","","","","","","","","","","","","","","","",""
"","33.5. Intrinsic resistance","","","FALSE","FALSE","","","","","","","","","","","","","","","","","","","",""
"","33.6. Volume of distribution (Vd)","","","FALSE","FALSE","","","","","","","","","","","","","","","","","","","",""
"","33.7. Eagle effect","","","FALSE","FALSE","","","","","","","","","","","","","","","","","","","",""
"","33.8. PK/PD index","","","FALSE","FALSE","","","","","","","","","","","","","","","","","","","",""
"","33.9. Antibiotic dosing in obesity","","","FALSE","FALSE","","","","","","","","","","","","","","","","","","","",""
"34. Antibiotic resistance mechanism","","","","FALSE","FALSE","","","","","","","","","","","","","","","","","","","",""
"","34.1. Introduction to Beta-Lactamase","","","FALSE","FALSE","","","","","","","","","","","","","","","","","","","",""
"","34.2. ESBL","","","FALSE","FALSE","","","","","","","","","","","","","","","","","","","",""
"","34.3. AmpC","","","FALSE","FALSE","","","","","","","","","","","","","","","","","","","",""
"","34.4. Carbapenemase","","","FALSE","FALSE","","","","","","","","","","","","","","","","","","","",""
"","34.5. Antibiogram analysis","","","FALSE","FALSE","","","","","","","","","","","","","","","","","","","",""
"","34.6. BLNAR and Haemophilus resistance","","","FALSE","FALSE","","","","","","","","","","","","","","","","","","","",""
"","34.7. Some resistance clusters asked before in exam","","","FALSE","FALSE","","","","","","","","","","","","","","","","","","","",""
"","34.8. D test and macrolide resistance","","","","","","","","","","","","","","","","","","","","","","","",""
"","34.9. Resistance mechanism in Enterococcus","","","","","","","","","","","","","","","","","","","","","","","",""
"35. Antimicrobial stewardship - Principles and methods","","","","","","","","","","","","","","","","","","","","","","","","",""
"","35.1. AMS - what BNF says","","","","","","","","","","","","","","","","","","","","","","","",""
"","35.2. AMS - UK 5 years plan 2024 - 29 (a very brief summary)","","","","","","","","","","","","","","","","","","","","","","","",""