"Topics","List of topics","Date","Gap analysis","Revision 1","Revision 2","Column 4","Column 5","Column 6","Column 7","Column 8","Column 9","Column 10","Column 11","Column 12","Column 13","Column 14","Column 15","Column 16","Column 17","Column 18","Column 19","Column 20","Column 21","Column 22","Column 23"
"1. Staphylococcus introduction","","","","FALSE","FALSE","","","","","","","","","","","","","","","","","","","",""
"","1.1. Staphylococcus aureus","","","FALSE","FALSE","","","","","","","","","","","","","","","","","","","",""
"","1.2. MRSA","","","FALSE","FALSE","","","","","","","","","","","","","","","","","","","",""
"","1.3. PVL Staphylococcus aureus","","","FALSE","FALSE","","","","","","","","","","","","","","","","","","","",""
"","1.4. Vancomycin-Intermediate and Vancomycin-Resistant Staphylococcus aureus (VISA and VRSA)","","","FALSE","FALSE","","","","","","","","","","","","","","","","","","","",""
"","1.5. Staph aureus bacteraemia","","","FALSE","FALSE","","","","","","","","","","","","","","","","","","","",""
"","1.6. Important Coagulase negative Staphylococcus","","","FALSE","FALSE","","","","","","","","","","","","","","","","","","","",""
"2. Streptococcus introduction","","","","FALSE","FALSE","","","","","","","","","","","","","","","","","","","",""
"","2.1. Streptococcus pyogenes (GAS)","","","FALSE","FALSE","","","","","","","","","","","","","","","","","","","",""
"","2.2. Strep agalactiae (GBS)","","","FALSE","FALSE","","","","","","","","","","","","","","","","","","","",""
"","2.3. Streptococcus anginosus group","","","FALSE","FALSE","","","","","","","","","","","","","","","","","","","",""
"","2.4. Viridans Streptococcus","","","FALSE","FALSE","","","","","","","","","","","","","","","","","","","",""
"","2.5. NVS and other AHS-related species","","","FALSE","FALSE","","","","","","","","","","","","","","","","","","","",""
"","2.6. Streptococcus pneumoniae","","","FALSE","FALSE","","","","","","","","","","","","","","","","","","","",""
"3. Enterococcus","","","","FALSE","FALSE","","","","","","","","","","","","","","","","","","","",""
"4. Listeria","","","","FALSE","FALSE","","","","","","","","","","","","","","","","","","","",""
"5. Nocardia","","","","FALSE","FALSE","","","","","","","","","","","","","","","","","","","",""
"6. Actinomyces spp","","","","FALSE","FALSE","","","","","","","","","","","","","","","","","","","",""
"7. Corynebacterium spp","","","","FALSE","FALSE","","","","","","","","","","","","","","","","","","","",""
"","7.1. Toxigenic Corynebacterium and diphtheria.","","","FALSE","FALSE","","","","","","","","","","","","","","","","","","","",""
"","7.2. Non-toxigenic Corynebacterium","","","FALSE","FALSE","","","","","","","","","","","","","","","","","","","",""
"8. Cutibacterium acnes","","","","FALSE","FALSE","","","","","","","","","","","","","","","","","","","",""
"9. Rhodococcus equi","","","","FALSE","FALSE","","","","","","","","","","","","","","","","","","","",""
"10. Erysipelothrix rhusiopathiae","","","","FALSE","FALSE","","","","","","","","","","","","","","","","","","","",""
"11. Arcanobacterium spp","","","","FALSE","FALSE","","","","","","","","","","","","","","","","","","","",""
"12. Clostridium spp.","","","","FALSE","FALSE","","","","","","","","","","","","","","","","","","","",""
"","12.1. Botulism","","","FALSE","FALSE","","","","","","","","","","","","","","","","","","","",""
"","12.2. Tetanus","","","FALSE","FALSE","","","","","","","","","","","","","","","","","","","",""
"","12.3. Clostridial myonecrosis","","","FALSE","FALSE","","","","","","","","","","","","","","","","","","","",""
"13. Bacillus spp, Bacillus cereus","","","","FALSE","FALSE","","","","","","","","","","","","","","","","","","","",""
"14. Bacillus anthracis","","","","FALSE","FALSE","","","","","","","","","","","","","","","","","","","",""
"15. Mycoabacteria","","","","FALSE","FALSE","","","","","","","","","","","","","","","","","","","",""
"","15.1. M tuberculosis","","","FALSE","FALSE","","","","","","","","","","","","","","","","","","","",""
"","15.2. TB treatment","","","FALSE","FALSE","","","","","","","","","","","","","","","","","","","",""
"","15.3. Latent tuberculosis","","","FALSE","FALSE","","","","","","","","","","","","","","","","","","","",""
"","15.4. IGRA","","","FALSE","FALSE","","","","","","","","","","","","","","","","","","","",""
"","15.5. NTM introduction and classification","","","FALSE","FALSE","","","","","","","","","","","","","","","","","","","",""
"","15.6. M kansasii (MK)","","","FALSE","FALSE","","","","","","","","","","","","","","","","","","","",""
"","15.7. M marinum","","","FALSE","FALSE","","","","","","","","","","","","","","","","","","","",""
"","15.8. Mycobacterium abscessus","","","FALSE","FALSE","","","","","","","","","","","","","","","","","","","",""
"","15.9. BTS NTM Guideline - October 2017","","","FALSE","FALSE","","","","","","","","","","","","","","","","","","","",""
"16. Bordetella spp","","","","FALSE","FALSE","","","","","","","","","","","","","","","","","","","",""
"17. Bordetella bronchiseptica","","","","FALSE","FALSE","","","","","","","","","","","","","","","","","","","",""
"18. Coxiella burnetii (Q fever)","","","","FALSE","FALSE","","","","","","","","","","","","","","","","","","","",""
"19. Bartonella spp.","","","","FALSE","FALSE","","","","","","","","","","","","","","","","","","","",""
"20. Brucella","","","","FALSE","FALSE","","","","","","","","","","","","","","","","","","","",""
"","20.1. Brucella canis","","","FALSE","FALSE","","","","","","","","","","","","","","","","","","","",""
"21. Borrelia spp","","","","FALSE","FALSE","","","","","","","","","","","","","","","","","","","",""
"22. Leptospira","","","","FALSE","FALSE","","","","","","","","","","","","","","","","","","","",""
"23. Actinotignum schaalii","","","","FALSE","FALSE","","","","","","","","","","","","","","","","","","","",""
"24. Fusobacterium necrophorum","","","","FALSE","FALSE","","","","","","","","","","","","","","","","","","","",""
"25. Fusobacterium nucleatum","","","","FALSE","FALSE","","","","","","","","","","","","","","","","","","","",""
"26. Rat-Bite Fever: Streptobacillus moniliformis and Spirillum minus","","","","FALSE","FALSE","","","","","","","","","","","","","","","","","","","",""
"27. Mycoplasma pneumoniae","","","","FALSE","FALSE","","","","","","","","","","","","","","","","","","","",""
"28. Mycoplasma genitalium","","","","FALSE","FALSE","","","","","","","","","","","","","","","","","","","",""
"29. Mycoplasma hominis","","","","FALSE","FALSE","","","","","","","","","","","","","","","","","","","",""
"30. Chlamydia pneumoniae","","","","FALSE","FALSE","","","","","","","","","","","","","","","","","","","",""
"31. Chlamydia psittaci","","","","FALSE","FALSE","","","","","","","","","","","","","","","","","","","",""
"32. Chlamydia trachomatis","","","","FALSE","FALSE","","","","","","","","","","","","","","","","","","","",""
"33. Legionella","","","","FALSE","FALSE","","","","","","","","","","","","","","","","","","","",""
"34. Rickettsial disease","","","","FALSE","FALSE","","","","","","","","","","","","","","","","","","","",""
"35. Treponema pallidum","","","","FALSE","FALSE","","","","","","","","","","","","","","","","","","","",""
"36. Non-venereal treponemal disease (NVTD)","","","","FALSE","FALSE","","","","","","","","","","","","","","","","","","","",""
"37. Capnocytophaga","","","","FALSE","FALSE","","","","","","","","","","","","","","","","","","","",""
"38. HACEK group and similar organisms","","","","FALSE","FALSE","","","","","","","","","","","","","","","","","","","",""
"","38.1. Haemophilus influenzae","","","FALSE","FALSE","","","","","","","","","","","","","","","","","","","",""
"","38.2. Haemophilus ducreyi","","","FALSE","FALSE","","","","","","","","","","","","","","","","","","","",""
"","38.3. Aggregatibacter spp","","","FALSE","FALSE","","","","","","","","","","","","","","","","","","","",""
"","38.4. Cardiobacterum spp","","","FALSE","FALSE","","","","","","","","","","","","","","","","","","","",""
"","38.5. Eikenella","","","FALSE","FALSE","","","","","","","","","","","","","","","","","","","",""
"","38.6. Kingella","","","FALSE","FALSE","","","","","","","","","","","","","","","","","","","",""
"","39. Neisseria meningitidis","","","FALSE","FALSE","","","","","","","","","","","","","","","","","","","",""
"40. Neisseria gonorrhoea","","","","FALSE","FALSE","","","","","","","","","","","","","","","","","","","",""
"41. Moraxella","","","","FALSE","FALSE","","","","","","","","","","","","","","","","","","","",""
"42. Pasteurella","","","","FALSE","FALSE","","","","","","","","","","","","","","","","","","","",""
"43. Francisella (Tularaemia)","","","","FALSE","FALSE","","","","","","","","","","","","","","","","","","","",""
"44. Enterobacterales","","","","FALSE","FALSE","","","","","","","","","","","","","","","","","","","",""
"","44.1. E coli","","","FALSE","FALSE","","","","","","","","","","","","","","","","","","","",""
"","44.2. Klebsiella spp","","","FALSE","FALSE","","","","","","","","","","","","","","","","","","","",""
"","44.3. Enterobacter","","","FALSE","FALSE","","","","","","","","","","","","","","","","","","","",""
"","44.4. Citrobacter","","","FALSE","FALSE","","","","","","","","","","","","","","","","","","","",""
"","44.5. Serratia spp","","","FALSE","FALSE","","","","","","","","","","","","","","","","","","","",""
"","44.6. Yersinia pestis (Plague)","","","FALSE","FALSE","","","","","","","","","","","","","","","","","","","",""
"","44.7. Yersinia enterocolitica","","","FALSE","FALSE","","","","","","","","","","","","","","","","","","","",""
"","44.8. Yersinia pseudotuberculosis","","","FALSE","FALSE","","","","","","","","","","","","","","","","","","","",""
"","44.9. Salmonella spp and Non typhoidal Salmonella","","","FALSE","FALSE","","","","","","","","","","","","","","","","","","","",""
"","44.10. Enteric fever","","","FALSE","FALSE","","","","","","","","","","","","","","","","","","","",""
"","44.11. Morganella","","","FALSE","FALSE","","","","","","","","","","","","","","","","","","","",""
"","44.12. Proteus spp","","","FALSE","FALSE","","","","","","","","","","","","","","","","","","","",""
"","44.13. Leclercia Adecarboxylata","","","FALSE","FALSE","","","","","","","","","","","","","","","","","","","",""
"45. GI bacteria","","","","FALSE","FALSE","","","","","","","","","","","","","","","","","","","",""
"","45.1. Helicobacter pylori","","","FALSE","FALSE","","","","","","","","","","","","","","","","","","","",""
"","45.2. Campylobacter","","","FALSE","FALSE","","","","","","","","","","","","","","","","","","","",""
"","45.3. Shigella spp","","","FALSE","FALSE","","","","","","","","","","","","","","","","","","","",""
"","45.4. Plesiomonas shigelloides","","","FALSE","FALSE","","","","","","","","","","","","","","","","","","","",""
"","45.5. Aeromonas spp","","","FALSE","FALSE","","","","","","","","","","","","","","","","","","","",""
"","45.6. Cronobacter sakazakii","","","FALSE","FALSE","","","","","","","","","","","","","","","","","","","",""
"","45.7. Vibrio cholerae","","","FALSE","FALSE","","","","","","","","","","","","","","","","","","","",""
"","45.8. Vibrio vulnificus","","","FALSE","FALSE","","","","","","","","","","","","","","","","","","","",""
"","45.9. STEC/ E coli O157","","","FALSE","FALSE","","","","","","","","","","","","","","","","","","","",""
"46. Non-fermenters","","","","FALSE","FALSE","","","","","","","","","","","","","","","","","","","",""
"","46.1. Stenotrophomonas maltophilia","","","FALSE","FALSE","","","","","","","","","","","","","","","","","","","",""
"","46.2. Pseudomonas aeruginosa (Psa)","","","FALSE","FALSE","","","","","","","","","","","","","","","","","","","",""
"","46.3. Acinetobacter","","","FALSE","FALSE","","","","","","","","","","","","","","","","","","","",""
"","46.4. B cepacia","","","FALSE","FALSE","","","","","","","","","","","","","","","","","","","",""
"","46.5. B pseudomallei and B mallei","","","","","","","","","","","","","","","","","","","","","","","",""