"","List of topics","","","","Gap analysis","Revision 1","Revision 2","","","","","","","","","","","","","","","",""
"1. Virology","","","","","","FALSE","FALSE","","","","","","","","","","","","","","","",""
"","1.1. CMV colitis","","","","","FALSE","FALSE","","","","","","","","","","","","","","","",""
"","1.2. Virus - syndomes","","","","","FALSE","FALSE","","","","","","","","","","","","","","","",""
"","1.3. Oncogenic virus","","","","","FALSE","FALSE","","","","","","","","","","","","","","","",""
"","1.4. Hepatitis E treatment","","","","","FALSE","FALSE","","","","","","","","","","","","","","","",""
"","1.5. Acute hepatittis investigation","","","","","FALSE","FALSE","","","","","","","","","","","","","","","",""
"","HYN: Precore mutant and core promoter mutant","","","","","FALSE","FALSE","","","","","","","","","","","","","","","",""
"","1.6. Antivirals MoA and Mor (Except HIV, COVIDm HepB and HepC)","","","","","FALSE","FALSE","","","","","","","","","","","","","","","",""
"","1.7. Herpesvirus - site of latency, target cell and infection","","","","","FALSE","FALSE","","","","","","","","","","","","","","","",""
"","1.8. Viral receptors","","","","","FALSE","FALSE","","","","","","","","","","","","","","","",""
"","1.9. Assessing Rabies risk assessment for post-exposure prophylaxis","","","","","FALSE","FALSE","","","","","","","","","","","","","","","",""
"","1.10. HSV in pregnancy","","","","","FALSE","FALSE","","","","","","","","","","","","","","","",""
"2. Non-infections","","","","","","FALSE","FALSE","","","","","","","","","","","","","","","",""
"","2.1. Jarisch-Herxheimer Reaction (JHR)","","","","","FALSE","FALSE","","","","","","","","","","","","","","","",""
"","2.2. Common Variable Immunodeficiency","","","","","FALSE","FALSE","","","","","","","","","","","","","","","",""
"3. Laboratory","","","","","","FALSE","FALSE","","","","","","","","","","","","","","","",""
"","3.1. Common Typing Methods by Organism","","","","","FALSE","FALSE","","","","","","","","","","","","","","","",""
"","3.2. Transport and some COSHH signs to remember","","","","","FALSE","FALSE","","","","","","","","","","","","","","","",""
"","3.3. Designing a sensitivity panel for lab - Staph aureus","","","","","FALSE","FALSE","","","","","","","","","","","","","","","",""
"","3.4. Marker bacteraemia","","","","","FALSE","FALSE","","","","","","","","","","","","","","","",""
"","3.5. Special cells suggesting a pathogen","","","","","FALSE","FALSE","","","","","","","","","","","","","","","",""
"","3.6. Culture media","","","","","FALSE","FALSE","","","","","","","","","","","","","","","",""
"","3.7. Sensititre test","","","","","FALSE","FALSE","","","","","","","","","","","","","","","",""
"","3.8. What can be processed in Biosafety level 2 for an ACDP3 pathogen?","","","","","FALSE","FALSE","","","","","","","","","","","","","","","",""
"","3.9. Requirement of CL3 lab","","","","","FALSE","FALSE","","","","","","","","","","","","","","","",""
"","3.10. Aspergillus from prosthetic joint specimen","","","","","FALSE","FALSE","","","","","","","","","","","","","","","",""
"4. Parasitology","","","","","","FALSE","FALSE","","","","","","","","","","","","","","","",""
"","4.1. Hookworm Summary","","","","","FALSE","FALSE","","","","","","","","","","","","","","","",""
"","4.2. Babesia","","","","","FALSE","FALSE","","","","","","","","","","","","","","","",""
"","4.3. Strongyloides species","","","","","FALSE","FALSE","","","","","","","","","","","","","","","",""
"","4.4. Major Tick-Associated Diseases","","","","","FALSE","FALSE","","","","","","","","","","","","","","","",""
"","4.5. vector and infection","","","","","FALSE","FALSE","","","","","","","","","","","","","","","",""
"","4.6. Schistosomiasis","","","","","","","","","","","","","","","","","","","","","",""
"5. Infection","","","","","","","","","","","","","","","","","","","","","","",""
"","5.1. Brodie's Abscess: A Subacute Form of Osteomyelitis","","","","","","","","","","","","","","","","","","","","","",""
"","5.2. Osteomyelitis in children (esp Kingella)","","","","","","","","","","","","","","","","","","","","","",""
"","5.3. Ecthyma gangrenosum (EG)","","","","","","","","","","","","","","","","","","","","","",""
"","5.4. Lyme disease in brief","","","","","","","","","","","","","","","","","","","","","",""
"","5.5. PVL pneumonia - management","","","","","","","","","","","","","","","","","","","","","",""
"","5.6. Hidradenitis suppurativa","","","","","","","","","","","","","","","","","","","","","",""
"","5.7. Pathogens associated with bite","","","","","","","","","","","","","","","","","","","","","",""
"","5.8. CNS lesion often associated with HIV - Cryptococcus","","","","","","","","","","","","","","","","","","","","","",""
"","5.9. CNS infection associated with HIV - Toxoplasma","","","","","","","","","","","","","","","","","","","","","",""
"","5.10. Bartonella endocarditis","","","","","","","","","","","","","","","","","","","","","",""
"","5.11. Lactobacillus endocarditis","","","","","","","","","","","","","","","","","","","","","",""
"","5.12. Hand Foot Mouth Disease","","","","","","","","","","","","","","","","","","","","","",""
"","5.13. PD peritonitis","","","","","","","","","","","","","","","","","","","","","",""
"","5.14. Management of Spontaneous bacteria peritonitis (SBP)","","","","","","","","","","","","","","","","","","","","","",""
"","5.15. Brain abscess","","","","","","","","","","","","","","","","","","","","","",""
"","5.16. Tree-on-bud sign, Halo sign, reverse halo sign","","","","","","","","","","","","","","","","","","","","","",""
"","5.17. VP shunt Infection","","","","","","","","","","","","","","","","","","","","","",""
"","5.18. EVD infection","","","","","","","","","","","","","","","","","","","","","",""
"6. Bacteria","","","","","","","","","","","","","","","","","","","","","","",""
"","6.1. Nocardia Brain Abscess","","","","","","","","","","","","","","","","","","","","","",""
"","6.2. M abscessus in CF","","","","","","","","","","","","","","","","","","","","","",""
"","6.3. PVL Staph aureus pneumonia - management","","","","","","","","","","","","","","","","","","","","","",""
"","6.4. Gonorrhoea testing","","","","","","","","","","","","","","","","","","","","","",""
"","6.5. Prophylaxis for Contacts - Meningococcal Disease","","","","","","","","","","","","","","","","","","","","","",""
"","6.6. Campylobacter complication","","","","","","","","","","","","","","","","","","","","","",""
"","6.7. Campylobacter fetus complications","","","","","","","","","","","","","","","","","","","","","",""
"","6.8. Botulism","","","","","","","","","","","","","","","","","","","","","",""
"","6.9. Different NTM and their association","","","","","","","","","","","","","","","","","","","","","",""
"","6.10. Treatment of acute Q fever","","","","","","","","","","","","","","","","","","","","","",""
"","6.11. Brucella","","","","","","","","","","","","","","","","","","","","","",""
"","6.12. MDR and XDR Shigella","","","","","","","","","","","","","","","","","","","","","",""
"","6.13. Anthrax","","","","","","","","","","","","","","","","","","","","","",""
"","6.14. Capnocytophaga","","","","","","","","","","","","","","","","","","","","","",""
"","6.15. Bubonic Plague","","","","","","","","","","","","","","","","","","","","","",""
"","6.16. NTM treatment regimens","","","","","","","","","","","","","","","","","","","","","",""
"7. Infection control","","","","","","","","","","","","","","","","","","","","","","",""
"","7.1. MRSA screening and decolonisation","","","","","","","","","","","","","","","","","","","","","",""
"","7.2. Outbreak charts","","","","","","","","","","","","","","","","","","","","","",""
"","7.3. Hospital Outbreak Control Team Composition","","","","","","","","","","","","","","","","","","","","","",""
"","7.4. Blood donation screening","","","","","","","","","","","","","","","","","","","","","",""
"","7.5. Prophylaxis for some pathgens","","","","","","","","","","","","","","","","","","","","","",""
"","7.6. C difficile treatment","","","","","","","","","","","","","","","","","","","","","",""
"","7.7. Notifiable disease","","","","","","","","","","","","","","","","","","","","","",""
"","7.8. What is in a spillage kit?","","","","","","","","","","","","","","","","","","","","","",""
"","7.9. HACCP","","","","","","","","","","","","","","","","","","","","","",""
"","7.10. Neisseria meningitidis - infection control and contact management","","","","","","","","","","","","","","","","","","","","","",""
"8. Antibiotic","","","","","","","","","","","","","","","","","","","","","","",""
"","8.1. Intrinsic resistance","","","","","","","","","","","","","","","","","","","","","",""
"","8.2. Antibiotics in AKI/CKD","","","","","","","","","","","","","","","","","","","","","",""
"","8.3. Resistance patterns","","","","","","","","","","","","","","","","","","","","","",""
"","8.4. WHO List of Medically Important Antimicrobials (MIA) - Summary","","","","","","","","","","","","","","","","","","","","","",""
"","8.5. D test for Macrolide","","","","","","","","","","","","","","","","","","","","","",""
"","8.6. Classification of beta-lactamase","","","","","","","","","","","","","","","","","","","","","",""
"","8.7. Enterococcus resistance mechanism","","","","","","","","","","","","","","","","","","","","","",""
"","8.8. Drugs to be avoided in G6PD deficiency","","","","","","","","","","","","","","","","","","","","","",""
"","8.9. Resistance in Klebsiella","","","","","","","","","","","","","","","","","","","","","",""
"","8.10. Risk of induction of ampC","","","","","","","","","","","","","","","","","","","","","",""
"","8.11. Antibiotic site of action","","","","","","","","","","","","","","","","","","","","","",""
"9. Mycology","","","","","","","","","","","","","","","","","","","","","","",""
"","9.1. Fungal keratitis","","","","","","","","","","","","","","","","","","","","","",""
"","9.2. Antifungal - synergy, antagonism, indifference","","","","","","","","","","","","","","","","","","","","","",""
"","9.3. Rhinocerebral mucormycosis:","","","","","","","","","","","","","","","","","","","","","",""
"","9.4. Candida UTI","","","","","","","","","","","","","","","","","","","","","",""
"","9.5. Treatment option for some rare fungi","","","","","","","","","","","","","","","","","","","","","",""
"","9.6. WHO fungal priority pathogens list","","","","","","","","","","","","","","","","","","","","","",""
"10. Vaccine","","","","","","","","","","","","","","","","","","","","","","",""
"","10.1. Which vaccines should not be administered in immunocompromised patients like HIV?","","","","","","","","","","","","","","","","","","","","","",""