"Column 1 1. Index","List of topics ","Date ","Gap analysis ","Revision 1 ","Revision 2 ","Column 4 ","Column 5 ","Column 6 ","Column 7 ","Column 8 ","Column 9 ","Column 10 ","Column 11 ","Column 12 ","Column 13 ","Column 14 ","Column 15 ","Column 16 ","Column 17 ","Column 18 ","Column 19 ","Column 20 ","Column 21 ","Column 22 ","Column 23 ","Column 24 "
"2. CNS and eye infection","","","","FALSE","FALSE","","","","","","","","","","","","","","","","","","","","",""
"","Viral meningoencephalitis","","","FALSE","FALSE","","","","","","","","","","","","","","","","","","","","",""
"","Bacterial meningitis","","","FALSE","FALSE","","","","","","","","","","","","","","","","","","","","",""
"","Listeria meningoencephalitis","","","FALSE","FALSE","","","","","","","","","","","","","","","","","","","","",""
"","TB meningitis","11/08/2026","","FALSE","FALSE","","","","","","","","","","","","","","","","","","","","",""
"","Brain abscess","","","FALSE","FALSE","","","","","","","","","","","","","","","","","","","","",""
"","Nocardia Brain abscess","","","FALSE","FALSE","","","","","","","","","","","","","","","","","","","","",""
"","Epidural abscess","","","FALSE","FALSE","","","","","","","","","","","","","","","","","","","","",""
"","Cryptococcal CNS infection","","","FALSE","FALSE","","","","","","","","","","","","","","","","","","","","",""
"","Toxoplasma CNS nfection","","","FALSE","FALSE","","","","","","","","","","","","","","","","","","","","",""
"","Neurocysticercosis","","","FALSE","FALSE","","","","","","","","","","","","","","","","","","","","",""
"","VP shunt infection","","","FALSE","FALSE","","","","","","","","","","","","","","","","","","","","",""
"4. Eye infections","","","","FALSE","FALSE","","","","","","","","","","","","","","","","","","","","",""
"","4.1. Conjunctivitis","","","FALSE","FALSE","","","","","","","","","","","","","","","","","","","","",""
"","4.2. Ophthalmia neonatorum","","","FALSE","FALSE","","","","","","","","","","","","","","","","","","","","",""
"","4.3. Keratitis","","","FALSE","FALSE","","","","","","","","","","","","","","","","","","","","",""
"","4.4. Endophthalmitis","","","FALSE","FALSE","","","","","","","","","","","","","","","","","","","","",""
"","4.5. Periorbital cellulitis/ Preseptal cellulitis","","","FALSE","FALSE","","","","","","","","","","","","","","","","","","","","",""
"","4.6. Orbital cellulitis","","","FALSE","FALSE","","","","","","","","","","","","","","","","","","","","",""
"5. Respiratory infection","","","","FALSE","FALSE","","","","","","","","","","","","","","","","","","","","",""
"","5.1. Otitis externa","","","FALSE","FALSE","","","","","","","","","","","","","","","","","","","","",""
"","5.2. Otitis media","","","FALSE","FALSE","","","","","","","","","","","","","","","","","","","","",""
"","5.3. Deep neck space abscess (peritonsillar, retropharyngeal, lateral pharyngeal abscess)","","","FALSE","FALSE","","","","","","","","","","","","","","","","","","","","",""
"","5.4. Acute epiglottitis","","","FALSE","FALSE","","","","","","","","","","","","","","","","","","","","",""
"","5.5. Lemierre syndrome","","","FALSE","FALSE","","","","","","","","","","","","","","","","","","","","",""
"","5.6. Infectious Mononucleosis","","","FALSE","FALSE","","","","","","","","","","","","","","","","","","","","",""
"","5.7. Bronchiolitis","","","FALSE","FALSE","","","","","","","","","","","","","","","","","","","","",""
"","5.8. Infection in Bronchiectasis","","","FALSE","FALSE","","","","","","","","","","","","","","","","","","","","",""
"","5.9. Pulmonary Infiltrates with Eosinophilia","","","FALSE","FALSE","","","","","","","","","","","","","","","","","","","","",""
"","5.10. Pleural effusion and empyema","","","FALSE","FALSE","","","","","","","","","","","","","","","","","","","","",""
"","5.11. Lung abscess","","","FALSE","FALSE","","","","","","","","","","","","","","","","","","","","",""
"","5.12. Extracorporeal Membrane Oxygenation (ECMO) and Infection","","","FALSE","FALSE","","","","","","","","","","","","","","","","","","","","",""
"6. Pneumonia","","","","FALSE","FALSE","","","","","","","","","","","","","","","","","","","","",""
"","6.1. Community-Acquired Pneumonia (CAP)","","","FALSE","FALSE","","","","","","","","","","","","","","","","","","","","",""
"","6.2. Atypical pneumonia","","","FALSE","FALSE","","","","","","","","","","","","","","","","","","","","",""
"","6.3. Aspiration pneumonia","","","FALSE","FALSE","","","","","","","","","","","","","","","","","","","","",""
"","6.4. Hospital-Acquired Pneumonia","","","FALSE","FALSE","","","","","","","","","","","","","","","","","","","","",""
"7. Cardiovascular infection","","","","FALSE","FALSE","","","","","","","","","","","","","","","","","","","","",""
"","7.1. Pericarditis","","","FALSE","FALSE","","","","","","","","","","","","","","","","","","","","",""
"","7.2. Infecion in VAD","","","FALSE","FALSE","","","","","","","","","","","","","","","","","","","","",""
"","7.3. Catheter-related bloodstream infections","","","FALSE","FALSE","","","","","","","","","","","","","","","","","","","","",""
"","7.4. Mediastinitis","","","FALSE","FALSE","","","","","","","","","","","","","","","","","","","","",""
"","7.5. Vascular graft infection (VGI)","","","FALSE","FALSE","","","","","","","","","","","","","","","","","","","","",""
"8. Endocarditis","","","","FALSE","FALSE","","","","","","","","","","","","","","","","","","","","",""
"","8.1. Endocarditis: Introduction","","","FALSE","FALSE","","","","","","","","","","","","","","","","","","","","",""
"","8.2. The 2023 Duke-ISCVID Criteria","","","FALSE","FALSE","","","","","","","","","","","","","","","","","","","","",""
"","8.3. Treatment of Endocarditis","","","FALSE","FALSE","","","","","","","","","","","","","","","","","","","","",""
"","8.4. Q fever endocarditis","","","FALSE","FALSE","","","","","","","","","","","","","","","","","","","","",""
"","8.5. Bartonella endocarditis","","","FALSE","FALSE","","","","","","","","","","","","","","","","","","","","",""
"","8.6. HACEK endocarditis","","","FALSE","FALSE","","","","","","","","","","","","","","","","","","","","",""
"","8.7. Culture negative endocarditis","","","FALSE","FALSE","","","","","","","","","","","","","","","","","","","","",""
"","8.8. Endocarditis prophylaxis","","","FALSE","FALSE","","","","","","","","","","","","","","","","","","","","",""
"","8.9. Surgery in Endocarditis","","","FALSE","FALSE","","","","","","","","","","","","","","","","","","","","",""
"9. STD and genitourinary infection","","","","FALSE","FALSE","","","","","","","","","","","","","","","","","","","","",""
"","9.1. Anogenital warts (new BASHH guideline 2024)","","","FALSE","FALSE","","","","","","","","","","","","","","","","","","","","",""
"","9.2. Bacteria vaginosis","","","FALSE","FALSE","","","","","","","","","","","","","","","","","","","","",""
"","9.3. Gonorrhoea","","","FALSE","FALSE","","","","","","","","","","","","","","","","","","","","",""
"","9.4. Anogenital ulcer","","","FALSE","FALSE","","","","","","","","","","","","","","","","","","","","",""
"","9.5. Donovanosis (Klebsiella granulomatis or Calymmatobacterium granulomatis)","","","FALSE","FALSE","","","","","","","","","","","","","","","","","","","","",""
"","9.6. XDR Shigella","","","FALSE","FALSE","","","","","","","","","","","","","","","","","","","","",""
"","9.7. Non-venereal treponemal disease (NVTD)","","","FALSE","FALSE","","","","","","","","","","","","","","","","","","","","",""
"10. Urinary Tract Infections","","","","FALSE","FALSE","","","","","","","","","","","","","","","","","","","","",""
"","10.1. Testing for UTI","","","FALSE","FALSE","","","","","","","","","","","","","","","","","","","","",""
"","10.2. UTI in neonate and children","","","FALSE","FALSE","","","","","","","","","","","","","","","","","","","","",""
"","10.3. Prostatitis","","","FALSE","FALSE","","","","","","","","","","","","","","","","","","","","",""
"","10.4. Pyelonephritis","","","FALSE","FALSE","","","","","","","","","","","","","","","","","","","","",""
"11. Skin, soft tissue, bone and joint infection","","","","FALSE","FALSE","","","","","","","","","","","","","","","","","","","","",""
"","11.1. Human bite","","","FALSE","FALSE","","","","","","","","","","","","","","","","","","","","",""
"","11.2. Animal bite","","","FALSE","FALSE","","","","","","","","","","","","","","","","","","","","",""
"","11.3. Necrotising fasciitis","","","FALSE","FALSE","","","","","","","","","","","","","","","","","","","","",""
"","11.4. Pseudomonas skin infection","","","FALSE","FALSE","","","","","","","","","","","","","","","","","","","","",""
"","11.5. Hidradenitis suppurativa","","","FALSE","FALSE","","","","","","","","","","","","","","","","","","","","",""
"","11.6. Brodie's abscess","","","FALSE","FALSE","","","","","","","","","","","","","","","","","","","","",""
"","11.7. Septic arthritis","","","FALSE","FALSE","","","","","","","","","","","","","","","","","","","","",""
"","11.8. Prosthetic joint infection","","","FALSE","FALSE","","","","","","","","","","","","","","","","","","","","",""
"","11.9. Onychomycosis","","","FALSE","FALSE","","","","","","","","","","","","","","","","","","","","",""
"","11.10. Surgical site infection","","","FALSE","FALSE","","","","","","","","","","","","","","","","","","","","",""
"","11.11. Impetigo, Erysipelas","","","FALSE","FALSE","","","","","","","","","","","","","","","","","","","","",""
"","11.12. Vertebral osteomyelitis","","","FALSE","FALSE","","","","","","","","","","","","","","","","","","","","",""
"12. Uncommon infections/diseases","","","","FALSE","FALSE","","","","","","","","","","","","","","","","","","","","",""
"","12.1. Chronic Granulomatous disease (CGD)","","","FALSE","FALSE","","","","","","","","","","","","","","","","","","","","",""
"","12.2. Multisystem inflammatory syndrome in children (MIS-C)","","","FALSE","FALSE","","","","","","","","","","","","","","","","","","","","",""
"","12.3. Infection associated with immune checkpoint inhibitors","","","FALSE","FALSE","","","","","","","","","","","","","","","","","","","","",""
"","12.4. Common variable immunodeficiency","","","FALSE","FALSE","","","","","","","","","","","","","","","","","","","","",""
"","12.5. Kikuchi disease","","","FALSE","FALSE","","","","","","","","","","","","","","","","","","","","",""
"","12.6. Sweet syndrome (acute febrile neutrophilic dermatosis)","","","FALSE","FALSE","","","","","","","","","","","","","","","","","","","","",""
"","12.7. Hemophagocytic lymphohistiocytosis (HLH)","","","FALSE","FALSE","","","","","","","","","","","","","","","","","","","","",""
"13. Prophylaxis","","","","FALSE","FALSE","","","","","","","","","","","","","","","","","","","","",""
"","13.1. Blood donation screening","","","FALSE","FALSE","","","","","","","","","","","","","","","","","","","","",""
"","13.2. Needlestick injury","","","FALSE","FALSE","","","","","","","","","","","","","","","","","","","","",""
"","13.3. Asplenia/hyposplenia/absent or dysfunctional spleen (AoDS)","","","FALSE","FALSE","","","","","","","","","","","","","","","","","","","","",""
"","13.4. Meningococcal disease","","","FALSE","FALSE","","","","","","","","","","","","","","","","","","","","",""
"","13.5. Prophylaxis (quick revision)","","","FALSE","FALSE","","","","","","","","","","","","","","","","","","","","",""
"14. GI infection","","","","FALSE","FALSE","","","","","","","","","","","","","","","","","","","","",""
"","14.1. Primary Peritonitis (Spontaneous Bacterial Peritonitis)","","","FALSE","FALSE","","","","","","","","","","","","","","","","","","","","",""
"","14.2. Secondary Peritonitis","","","FALSE","FALSE","","","","","","","","","","","","","","","","","","","","",""
"","14.3. Peritoneal Dialysis-Associated Peritonitis","","","FALSE","FALSE","","","","","","","","","","","","","","","","","","","","",""
"","14.4. Oesophagitis","","","FALSE","FALSE","","","","","","","","","","","","","","","","","","","","",""
"","14.5. Cholecystitis and Acute Cholangitis","","","FALSE","FALSE","","","","","","","","","","","","","","","","","","","","",""
"","14.6. Whipple's disease","","","FALSE","FALSE","","","","","","","","","","","","","","","","","","","","",""
"15. Infection in special situation","","","","FALSE","FALSE","","","","","","","","","","","","","","","","","","","","",""
"","15.1. Infection in CF","","","FALSE","FALSE","","","","","","","","","","","","","","","","","","","","",""
"","15.2. CF pathogens","","","FALSE","FALSE","","","","","","","","","","","","","","","","","","","","",""
"","15.3. Infection in asylum seekers","","","FALSE","FALSE","","","","","","","","","","","","","","","","","","","","",""
"","15.4. Foodborne infections","","","FALSE","FALSE","","","","","","","","","","","","","","","","","","","","",""
"","15.5. Infection in Burn","","","FALSE","FALSE","","","","","","","","","","","","","","","","","","","","",""
"","15.6. Water associated infection","","","FALSE","FALSE","","","","","","","","","","","","","","","","","","","","",""
"","15.7. Zoonosis in the UK","","","FALSE","FALSE","","","","","","","","","","","","","","","","","","","","",""
"","15.8. Travel associated infection","","","FALSE","FALSE","","","","","","","","","","","","","","","","","","","","",""
"","15.9. Bacteraemia associated with colorectal CA","","","FALSE","FALSE","","","","","","","","","","","","","","","","","","","","",""
"Infction in pregnancy","","","","FALSE","FALSE","","","","","","","","","","","","","","","","","","","","",""
"","1. UTI","","","FALSE","FALSE","","","","","","","","","","","","","","","","","","","","",""
"","2. Chorioamnionitis","","","FALSE","FALSE","","","","","","","","","","","","","","","","","","","","",""
"","3. Toxoplasma","","","FALSE","FALSE","","","","","","","","","","","","","","","","","","","","",""
"","4. TB in pregnancy","","","FALSE","FALSE","","","","","","","","","","","","","","","","","","","","",""
"","5. Hepatitis B in pregnancy","","","FALSE","FALSE","","","","","","","","","","","","","","","","","","","","",""
"","6. Syphilis in Pregnancy","","","FALSE","FALSE","","","","","","","","","","","","","","","","","","","","",""
"","7. Group B Streptococcus (GBS) in pregnancy","","","FALSE","FALSE","","","","","","","","","","","","","","","","","","","","",""
"","8. Group A Streptococcus in pregnancy","","","FALSE","FALSE","","","","","","","","","","","","","","","","","","","","",""
"","9. CMV in pregnancy","","","FALSE","FALSE","","","","","","","","","","","","","","","","","","","","",""
"","10. HSV","","","FALSE","FALSE","","","","","","","","","","","","","","","","","","","","",""
"","11. Varicella contact","","","FALSE","FALSE","","","","","","","","","","","","","","","","","","","","",""
"","11.1. Varicella in pregnancy","","","FALSE","FALSE","","","","","","","","","","","","","","","","","","","","",""
"","12. Rash contact in pregnancy - Parvo, Rubella, Measles","","","FALSE","FALSE","","","","","","","","","","","","","","","","","","","","",""