"Group","Topic","Link","Date updated","Column 1","Column 2","Column 3","Column 4","Column 5","Column 6","Column 7","Column 8","Column 9","Column 10","Column 11","Column 12","Column 13","Column 14","Column 15","Column 16","Column 17","Column 18","Column 19","Column 20","Column 21","Column 22"
"Generic infection","Ulcer DD","https://microregistrar.moodlecloud.com/mod/resource/view.php?id=837","","FALSE","","","","","","","","","","","","","","","","","","","","",""
"Generic infection","Diarrhoea cause","https://microregistrar.moodlecloud.com/mod/resource/view.php?id=839","","FALSE","","","","","","","","","","","","","","","","","","","","",""
"Generic infection","Brodie's abscess","https://microregistrar.moodlecloud.com/mod/resource/view.php?id=865","","FALSE","","","","","","","","","","","","","","","","","","","","",""
"Generic infection","Paediatric OM","https://microregistrar.moodlecloud.com/mod/resource/view.php?id=866","","FALSE","","","","","","","","","","","","","","","","","","","","",""
"Generic infection","Ecthyma gangrenosum","https://microregistrar.moodlecloud.com/mod/resource/view.php?id=867","","FALSE","","","","","","","","","","","","","","","","","","","","",""
"Generic infection","PVL pneumonia","https://microregistrar.moodlecloud.com/mod/resource/view.php?id=868","","FALSE","","","","","","","","","","","","","","","","","","","","",""
"Generic infection","Lyme disease","https://microregistrar.moodlecloud.com/mod/resource/view.php?id=869","8/8/26","FALSE","","","","","","","","","","","","","","","","","","","","",""
"Generic infection","Woody neck swelling","https://microregistrar.moodlecloud.com/mod/resource/view.php?id=872","","FALSE","","","","","","","","","","","","","","","","","","","","",""
"Generic infection","Hydrenitis suppuritiva","https://microregistrar.moodlecloud.com/mod/resource/view.php?id=901","22/7/26","FALSE","","","","","","","","","","","","","","","","","","","","",""
"Generic infection","Bite -related infection","https://microregistrar.moodlecloud.com/mod/resource/view.php?id=905","27/7/26","FALSE","","","","","","","","","","","","","","","","","","","","",""
"Generic infection","CNS infection in HIV- Cryptococcus","https://microregistrar.moodlecloud.com/mod/resource/view.php?id=906","28/7/26","FALSE","","","","","","","","","","","","","","","","","","","","",""
"Generic infection","CNS infection in HIV- Toxoplasma","https://microregistrar.moodlecloud.com/mod/resource/view.php?id=907","28/7/26","FALSE","","","","","","","","","","","","","","","","","","","","",""
"Generic infection","Bartonella endocarditis","https://microregistrar.moodlecloud.com/mod/resource/view.php?id=908","28/7/26","FALSE","","","","","","","","","","","","","","","","","","","","",""
"Generic infection","GPR Endocarditis (including Lactobacillus)","https://microregistrar.moodlecloud.com/mod/resource/view.php?id=909","28/7/26","FALSE","","","","","","","","","","","","","","","","","","","","",""
"Generic infection","Hand foot mouth disease","https://microregistrar.moodlecloud.com/mod/resource/view.php?id=910","28/7/26","FALSE","","","","","","","","","","","","","","","","","","","","",""
"Generic infection","PD peritonitis","https://microregistrar.moodlecloud.com/mod/resource/view.php?id=913","29/7/26","FALSE","","","","","","","","","","","","","","","","","","","","",""
"Generic infection","Brain abscess","https://microregistrar.moodlecloud.com/mod/resource/view.php?id=915","29/7/26","FALSE","","","","","","","","","","","","","","","","","","","","",""
"Generic infection","CT signs of infection","https://microregistrar.moodlecloud.com/mod/resource/view.php?id=916","29/7/26","FALSE","","","","","","","","","","","","","","","","","","","","",""
"Generic infection","Meningococcus from an eye swab","https://microregistrar.moodlecloud.com/mod/resource/view.php?id=919","1/8/26","FALSE","","","","","","","","","","","","","","","","","","","","",""
"Generic infection","Geographical sterotypes","https://microregistrar.moodlecloud.com/mod/resource/view.php?id=920","2/8/26","FALSE","","","","","","","","","","","","","","","","","","","","",""
"Generic infection","Atypical bacteria - treatment","https://microregistrar.moodlecloud.com/mod/resource/view.php?id=921","2/8/26","FALSE","","","","","","","","","","","","","","","","","","","","",""
"Generic infection","Rat bite fever","https://microregistrar.moodlecloud.com/mod/resource/view.php?id=923","3/8/26","FALSE","","","","","","","","","","","","","","","","","","","","",""
"Generic infection","EVD infection","https://microregistrar.moodlecloud.com/mod/resource/view.php?id=926","4/8/26","FALSE","","","","","","","","","","","","","","","","","","","","",""
"Generic antibiotic","Antibiotic site of action","https://microregistrar.moodlecloud.com/mod/resource/view.php?id=848","","FALSE","","","","","","","","","","","","","","","","","","","","",""
"Generic antibiotic","AmpC Induction risk","https://microregistrar.moodlecloud.com/mod/resource/view.php?id=849","","FALSE","","","","","","","","","","","","","","","","","","","","",""
"Generic antibiotic","Enterococcal resistance mechanism","https://microregistrar.moodlecloud.com/mod/resource/view.php?id=854","","FALSE","","","","","","","","","","","","","","","","","","","","",""
"Generic antibiotic","Klebsiella pneumoniae resstance mechanism","https://microregistrar.moodlecloud.com/mod/resource/view.php?id=852","","FALSE","","","","","","","","","","","","","","","","","","","","",""
"Generic antibiotic","Drugs to avoid in G6PD deficiency","https://microregistrar.moodlecloud.com/mod/resource/view.php?id=853","","FALSE","","","","","","","","","","","","","","","","","","","","",""
"Generic antibiotic","Antimicrobial needing dose adjustment in renal impairment","https://microregistrar.moodlecloud.com/mod/resource/view.php?id=918","1/8/26","FALSE","","","","","","","","","","","","","","","","","","","","",""
"Generic antibiotic","Eagle effect","https://microregistrar.moodlecloud.com/mod/resource/view.php?id=922","2/8/26","FALSE","","","","","","","","","","","","","","","","","","","","",""
"Generic antibiotic","AWaRe UK version 2024","https://microregistrar.moodlecloud.com/mod/resource/view.php?id=929","7/8/26","FALSE","","","","","","","","","","","","","","","","","","","","",""
"Generic antibiotic","Immunology of penicillin allergy","https://microregistrar.moodlecloud.com/mod/resource/view.php?id=930","8/8/26","FALSE","","","","","","","","","","","","","","","","","","","","",""
"Generic antibiotic","Volume of distribution","https://microregistrar.moodlecloud.com/mod/resource/view.php?id=931","8/8/26","FALSE","","","","","","","","","","","","","","","","","","","","",""
"Generic antibiotic","Blood brain barrier (BBB)","https://microregistrar.moodlecloud.com/mod/resource/view.php?id=932","8/8/26","FALSE","","","","","","","","","","","","","","","","","","","","",""
"Generic antibiotic","MoA - past paper topic","https://microregistrar.moodlecloud.com/mod/resource/view.php?id=933","8/8/26","FALSE","","","","","","","","","","","","","","","","","","","","",""
"Generic antibiotic","MoR - Part paper topics","https://microregistrar.moodlecloud.com/mod/resource/view.php?id=934","8/8/26","FALSE","","","","","","","","","","","","","","","","","","","","",""
"Generic bacteriology","Pink/red colony","https://microregistrar.moodlecloud.com/mod/resource/view.php?id=832","","FALSE","","","","","","","","","","","","","","","","","","","","",""
"Generic bacteriology","Acinetobacter (CRAB): Treatment, lab test, IPC","https://microregistrar.moodlecloud.com/mod/resource/view.php?id=871","","FALSE","","","","","","","","","","","","","","","","","","","","",""
"Generic bacteriology","Bacteraemia associated with colonic cancer","https://microregistrar.moodlecloud.com/mod/resource/view.php?id=924&forceview=1","3/8/26","FALSE","","","","","","","","","","","","","","","","","","","","",""
"General Virology","Viral receptors","https://microregistrar.moodlecloud.com/mod/resource/view.php?id=830","","FALSE","","","","","","","","","","","","","","","","","","","","",""
"General Virology","Viral syndromes","https://microregistrar.moodlecloud.com/mod/resource/view.php?id=825","","FALSE","","","","","","","","","","","","","","","","","","","","",""
"General Virology","Antivirals MoA-MoR","https://microregistrar.moodlecloud.com/mod/resource/view.php?id=827","","FALSE","","","","","","","","","","","","","","","","","","","","",""
"General Virology","Herpesvirus latency","https://microregistrar.moodlecloud.com/mod/resource/view.php?id=828","","FALSE","","","","","","","","","","","","","","","","","","","","",""
"General Virology","CMV colitis","https://microregistrar.moodlecloud.com/mod/resource/view.php?id=824","","FALSE","","","","","","","","","","","","","","","","","","","","",""
"General Virology","HBV precore and BCP mutants","https://microregistrar.moodlecloud.com/mod/resource/view.php?id=829","","FALSE","","","","","","","","","","","","","","","","","","","","",""
"General Virology","HEV treatment","https://microregistrar.moodlecloud.com/mod/resource/view.php?id=826","","FALSE","","","","","","","","","","","","","","","","","","","","",""
"General Virology","CMV in transplant","https://microregistrar.moodlecloud.com/mod/resource/view.php?id=878","","FALSE","","","","","","","","","","","","","","","","","","","","",""
"General Virology","EBV in transplant","https://microregistrar.moodlecloud.com/mod/resource/view.php?id=879","","FALSE","","","","","","","","","","","","","","","","","","","","",""
"General Virology","HEV in transplant","https://microregistrar.moodlecloud.com/mod/resource/view.php?id=880","","FALSE","","","","","","","","","","","","","","","","","","","","",""
"General Virology","Varicella in pregnancy","https://microregistrar.moodlecloud.com/mod/resource/view.php?id=936","12/8/26","FALSE","","","","","","","","","","","","","","","","","","","","",""
"General Mycology","Neonatal Candidiasis","https://microregistrar.moodlecloud.com/mod/resource/view.php?id=851","","FALSE","","","","","","","","","","","","","","","","","","","","",""
"General Mycology","Fungal infection in transplant","https://microregistrar.moodlecloud.com/mod/resource/view.php?id=883","","FALSE","","","","","","","","","","","","","","","","","","","","",""
"General Mycology","WHO fungal priority pathogen 2022 & 2026","https://microregistrar.moodlecloud.com/mod/resource/view.php?id=925","4/8/26","FALSE","","","","","","","","","","","","","","","","","","","","",""
"General Mycology","Candida Morphology","https://microregistrar.moodlecloud.com/mod/resource/view.php?id=928","7/8/26","FALSE","","","","","","","","","","","","","","","","","","","","",""
"General Mycology","Aspergillus - past exam areas","https://microregistrar.moodlecloud.com/mod/resource/view.php?id=937","14/8/26","FALSE","","","","","","","","","","","","","","","","","","","","",""
"General Mycology","Mucor - past question areas","https://microregistrar.moodlecloud.com/mod/resource/view.php?id=938","15/8/26","FALSE","","","","","","","","","","","","","","","","","","","","",""
"General Mycology","Fusarium - Past question areas","https://microregistrar.moodlecloud.com/mod/resource/view.php?id=941","15/8/26","FALSE","","","","","","","","","","","","","","","","","","","","",""
"General Mycology","Some Candida question areas","https://microregistrar.moodlecloud.com/mod/resource/view.php?id=945","15/8/26","FALSE","","","","","","","","","","","","","","","","","","","","",""
"General Mycology","","","","FALSE","","","","","","","","","","","","","","","","","","","","",""
"General parasitology","Tick-borne disease","https://microregistrar.moodlecloud.com/mod/resource/view.php?id=874","","FALSE","","","","","","","","","","","","","","","","","","","","",""
"General parasitology","Vector borne disease","https://microregistrar.moodlecloud.com/mod/resource/view.php?id=875","","FALSE","","","","","","","","","","","","","","","","","","","","",""
"Laboratory","COSHH and transport signs","https://microregistrar.moodlecloud.com/mod/resource/view.php?id=846","","FALSE","","","","","","","","","","","","","","","","","","","","",""
"Laboratory","Indicator media","https://microregistrar.moodlecloud.com/mod/resource/view.php?id=855","","FALSE","","","","","","","","","","","","","","","","","","","","",""
"Laboratory","CIN agar","https://microregistrar.moodlecloud.com/mod/resource/view.php?id=856","","FALSE","","","","","","","","","","","","","","","","","","","","",""
"Laboratory","XLD agar","https://microregistrar.moodlecloud.com/mod/resource/view.php?id=857","","FALSE","","","","","","","","","","","","","","","","","","","","",""
"Laboratory","CL3 Room","https://microregistrar.moodlecloud.com/mod/resource/view.php?id=858","","FALSE","","","","","","","","","","","","","","","","","","","","",""
"Laboratory","Marker bacteraemia","https://microregistrar.moodlecloud.com/mod/resource/view.php?id=859","","FALSE","","","","","","","","","","","","","","","","","","","","",""
"Laboratory","Special cells auggesting a pathogen","https://microregistrar.moodlecloud.com/mod/resource/view.php?id=860","","FALSE","","","","","","","","","","","","","","","","","","","","",""
"Laboratory","Culture media - physical property","https://microregistrar.moodlecloud.com/mod/resource/view.php?id=861","","FALSE","","","","","","","","","","","","","","","","","","","","",""
"Laboratory","Sensititre test","https://microregistrar.moodlecloud.com/mod/resource/view.php?id=862","","FALSE","","","","","","","","","","","","","","","","","","","","",""
"Laboratory","What can be done in BSL2 for an ACDP3 pathogen (general principles)","https://microregistrar.moodlecloud.com/mod/resource/view.php?id=863","","FALSE","","","","","","","","","","","","","","","","","","","","",""
"Misc","Jarish-Herxheimer reaction","https://microregistrar.moodlecloud.com/mod/resource/view.php?id=843","","FALSE","","","","","","","","","","","","","","","","","","","","",""
"Misc","Immunodefficiency syndrome","https://microregistrar.moodlecloud.com/mod/resource/view.php?id=844","","FALSE","","","","","","","","","","","","","","","","","","","","",""
"Bacteria","Kingella","https://microregistrar.moodlecloud.com/mod/resource/view.php?id=834","","FALSE","","","","","","","","","","","","","","","","","","","","",""
"Bacteria","Rhodococcus","https://microregistrar.moodlecloud.com/mod/resource/view.php?id=833","","FALSE","","","","","","","","","","","","","","","","","","","","",""
"Bacteria","Yersinia spp","https://microregistrar.moodlecloud.com/mod/resource/view.php?id=835","","FALSE","","","","","","","","","","","","","","","","","","","","",""
"Virus","Rotavirus","https://microregistrar.moodlecloud.com/mod/resource/view.php?id=838","","FALSE","","","","","","","","","","","","","","","","","","","","",""
"Virus","Norovirus","https://microregistrar.moodlecloud.com/mod/resource/view.php?id=840","","FALSE","","","","","","","","","","","","","","","","","","","","",""
"Virus","Hepatitis A","https://microregistrar.moodlecloud.com/mod/resource/view.php?id=841","","FALSE","","","","","","","","","","","","","","","","","","","","",""
"Virus","BK virus","https://microregistrar.moodlecloud.com/mod/resource/view.php?id=877","","FALSE","","","","","","","","","","","","","","","","","","","","",""
"Parasitology","Ascaris","https://microregistrar.moodlecloud.com/mod/resource/view.php?id=882","","FALSE","","","","","","","","","","","","","","","","","","","","",""
"Parasitology","Angiostrongyliasis","https://microregistrar.moodlecloud.com/mod/resource/view.php?id=881","","FALSE","","","","","","","","","","","","","","","","","","","","",""
"Parasitology","Babesia","https://microregistrar.moodlecloud.com/mod/resource/view.php?id=884","","FALSE","","","","","","","","","","","","","","","","","","","","",""
"Parasitology","Demodex","https://microregistrar.moodlecloud.com/mod/resource/view.php?id=898","","FALSE","","","","","","","","","","","","","","","","","","","","",""
"Parasitology","Echinococcus, Hydatic","https://microregistrar.moodlecloud.com/mod/resource/view.php?id=897","","FALSE","","","","","","","","","","","","","","","","","","","","",""
"Parasitology","Enterobius","https://microregistrar.moodlecloud.com/mod/resource/view.php?id=893","","FALSE","","","","","","","","","","","","","","","","","","","","",""
"Parasitology","Fasciola","https://microregistrar.moodlecloud.com/mod/resource/view.php?id=892","","FALSE","","","","","","","","","","","","","","","","","","","","",""
"Parasitology","Gnathostoma","https://microregistrar.moodlecloud.com/mod/resource/view.php?id=891","","FALSE","","","","","","","","","","","","","","","","","","","","",""
"Parasitology","Hookworm","https://microregistrar.moodlecloud.com/mod/resource/view.php?id=885","","FALSE","","","","","","","","","","","","","","","","","","","","",""
"Parasitology","Leishmania","https://microregistrar.moodlecloud.com/mod/resource/view.php?id=890","","FALSE","","","","","","","","","","","","","","","","","","","","",""
"Parasitology","Naegleria","https://microregistrar.moodlecloud.com/mod/resource/view.php?id=889","","FALSE","","","","","","","","","","","","","","","","","","","","",""
"Parasitology","Scabies","https://microregistrar.moodlecloud.com/mod/resource/view.php?id=888","","FALSE","","","","","","","","","","","","","","","","","","","","",""
"Parasitology","Schistosomiasis","https://microregistrar.moodlecloud.com/mod/resource/view.php?id=886","","FALSE","","","","","","","","","","","","","","","","","","","","",""
"Parasitology","Taenia","https://microregistrar.moodlecloud.com/mod/resource/view.php?id=887","","FALSE","","","","","","","","","","","","","","","","","","","","",""
"Parasitology","Toxoplasma","https://microregistrar.moodlecloud.com/mod/resource/view.php?id=876","","FALSE","","","","","","","","","","","","","","","","","","","","",""
"IPC revision","National IPC manual AtoZ","https://microregistrar.moodlecloud.com/mod/resource/view.php?id=894","","FALSE","","","","","","","","","","","","","","","","","","","","",""
"IPC revision","Isolation priority system with exercise","https://microregistrar.moodlecloud.com/mod/resource/view.php?id=895","","FALSE","","","","","","","","","","","","","","","","","","","","",""
"IPC revision","Isolation room","https://microregistrar.moodlecloud.com/mod/resource/view.php?id=896","","FALSE","","","","","","","","","","","","","","","","","","","","",""
"IPC revision","MRSA decolonisation","https://microregistrar.moodlecloud.com/mod/resource/view.php?id=935","9/8/26","FALSE","","","","","","","","","","","","","","","","","","","","",""
"","","","","FALSE","","","","","","","","","","","","","","","","","","","","",""
"","","","","FALSE","","","","","","","","","","","","","","","","","","","","",""
"","","","","FALSE","","","","","","","","","","","","","","","","","","","","",""
"","","","","FALSE","","","","","","","","","","","","","","","","","","","","",""
"","","","","FALSE","","","","","","","","","","","","","","","","","","","","",""
"","","","","FALSE","","","","","","","","","","","","","","","","","","","","",""
"","","","","FALSE","","","","","","","","","","","","","","","","","","","","",""
"","","","","FALSE","","","","","","","","","","","","","","","","","","","","",""
"","","","","FALSE","","","","","","","","","","","","","","","","","","","","",""
"","","","","FALSE","","","","","","","","","","","","","","","","","","","","",""
"","","","","FALSE","","","","","","","","","","","","","","","","","","","","",""
"","","","","FALSE","","","","","","","","","","","","","","","","","","","","",""
"","","","","FALSE","","","","","","","","","","","","","","","","","","","","",""
"","","","","FALSE","","","","","","","","","","","","","","","","","","","","",""
"","","","","FALSE","","","","","","","","","","","","","","","","","","","","",""
"","","","","FALSE","","","","","","","","","","","","","","","","","","","","",""
"","","","","FALSE","","","","","","","","","","","","","","","","","","","","",""
"","","","","FALSE","","","","","","","","","","","","","","","","","","","","",""
"","","","","FALSE","","","","","","","","","","","","","","","","","","","","",""
"","","","","FALSE","","","","","","","","","","","","","","","","","","","","",""
"","","","","FALSE","","","","","","","","","","","","","","","","","","","","",""
"","","","","FALSE","","","","","","","","","","","","","","","","","","","","",""
"","","","","FALSE","","","","","","","","","","","","","","","","","","","","",""
"","","","","FALSE","","","","","","","","","","","","","","","","","","","","",""
"","","","","FALSE","","","","","","","","","","","","","","","","","","","","",""
"","","","","FALSE","","","","","","","","","","","","","","","","","","","","",""
"","","","","FALSE","","","","","","","","","","","","","","","","","","","","",""
"","","","","FALSE","","","","","","","","","","","","","","","","","","","","",""
"","","","","FALSE","","","","","","","","","","","","","","","","","","","","",""
"","","","","FALSE","","","","","","","","","","","","","","","","","","","","",""
"","","","","FALSE","","","","","","","","","","","","","","","","","","","","",""
"","","","","FALSE","","","","","","","","","","","","","","","","","","","","",""
"","","","","FALSE","","","","","","","","","","","","","","","","","","","","",""
"","","","","FALSE","","","","","","","","","","","","","","","","","","","","",""
"","","","","FALSE","","","","","","","","","","","","","","","","","","","","",""
"","","","","FALSE","","","","","","","","","","","","","","","","","","","","",""
"","","","","FALSE","","","","","","","","","","","","","","","","","","","","",""
"","","","","FALSE","","","","","","","","","","","","","","","","","","","","",""
"","","","","FALSE","","","","","","","","","","","","","","","","","","","","",""
"","","","","FALSE","","","","","","","","","","","","","","","","","","","","",""
"","","","","FALSE","","","","","","","","","","","","","","","","","","","","",""
"","","","","FALSE","","","","","","","","","","","","","","","","","","","","",""
"","","","","FALSE","","","","","","","","","","","","","","","","","","","","",""
"","","","","FALSE","","","","","","","","","","","","","","","","","","","","",""
"","","","","FALSE","","","","","","","","","","","","","","","","","","","","",""
"","","","","FALSE","","","","","","","","","","","","","","","","","","","","",""
"","","","","FALSE","","","","","","","","","","","","","","","","","","","","",""
"","","","","FALSE","","","","","","","","","","","","","","","","","","","","",""
"","","","","FALSE","","","","","","","","","","","","","","","","","","","","",""
"","","","","FALSE","","","","","","","","","","","","","","","","","","","","",""
"","","","","FALSE","","","","","","","","","","","","","","","","","","","","",""
"","","","","FALSE","","","","","","","","","","","","","","","","","","","","",""
"","","","","FALSE","","","","","","","","","","","","","","","","","","","","",""
"","","","","FALSE","","","","","","","","","","","","","","","","","","","","",""
"","","","","FALSE","","","","","","","","","","","","","","","","","","","","",""
"","","","","FALSE","","","","","","","","","","","","","","","","","","","","",""
"","","","","FALSE","","","","","","","","","","","","","","","","","","","","",""
"","","","","FALSE","","","","","","","","","","","","","","","","","","","","",""
"","","","","FALSE","","","","","","","","","","","","","","","","","","","","",""
"","","","","FALSE","","","","","","","","","","","","","","","","","","","","",""
"","","","","FALSE","","","","","","","","","","","","","","","","","","","","",""
"","","","","FALSE","","","","","","","","","","","","","","","","","","","","",""
"","","","","FALSE","","","","","","","","","","","","","","","","","","","","",""
"","","","","FALSE","","","","","","","","","","","","","","","","","","","","",""
"","","","","FALSE","","","","","","","","","","","","","","","","","","","","",""
"","","","","FALSE","","","","","","","","","","","","","","","","","","","","",""
"","","","","FALSE","","","","","","","","","","","","","","","","","","","","",""
"","","","","FALSE","","","","","","","","","","","","","","","","","","","","",""
"","","","","FALSE","","","","","","","","","","","","","","","","","","","","",""
"","","","","FALSE","","","","","","","","","","","","","","","","","","","","",""
"","","","","FALSE","","","","","","","","","","","","","","","","","","","","",""
"","","","","FALSE","","","","","","","","","","","","","","","","","","","","",""
"","","","","FALSE","","","","","","","","","","","","","","","","","","","","",""
"","","","","FALSE","","","","","","","","","","","","","","","","","","","","",""
"","","","","FALSE","","","","","","","","","","","","","","","","","","","","",""
"","","","","FALSE","","","","","","","","","","","","","","","","","","","","",""
"","","","","FALSE","","","","","","","","","","","","","","","","","","","","",""
"","","","","FALSE","","","","","","","","","","","","","","","","","","","","",""
"","","","","FALSE","","","","","","","","","","","","","","","","","","","","",""
"","","","","FALSE","","","","","","","","","","","","","","","","","","","","",""
"","","","","FALSE","","","","","","","","","","","","","","","","","","","","",""
"","","","","FALSE","","","","","","","","","","","","","","","","","","","","",""
"","","","","FALSE","","","","","","","","","","","","","","","","","","","","",""
"","","","","FALSE","","","","","","","","","","","","","","","","","","","","",""
"","","","","FALSE","","","","","","","","","","","","","","","","","","","","",""
"","","","","FALSE","","","","","","","","","","","","","","","","","","","","",""
"","","","","FALSE","","","","","","","","","","","","","","","","","","","","",""
"","","","","FALSE","","","","","","","","","","","","","","","","","","","","",""
"","","","","FALSE","","","","","","","","","","","","","","","","","","","","",""
"","","","","FALSE","","","","","","","","","","","","","","","","","","","","",""
"","","","","FALSE","","","","","","","","","","","","","","","","","","","","",""
"","","","","FALSE","","","","","","","","","","","","","","","","","","","","",""
"","","","","FALSE","","","","","","","","","","","","","","","","","","","","",""
"","","","","FALSE","","","","","","","","","","","","","","","","","","","","",""
"","","","","FALSE","","","","","","","","","","","","","","","","","","","","",""
"","","","","FALSE","","","","","","","","","","","","","","","","","","","","",""
"","","","","FALSE","","","","","","","","","","","","","","","","","","","","",""
"","","","","FALSE","","","","","","","","","","","","","","","","","","","","",""
"","","","","FALSE","","","","","","","","","","","","","","","","","","","","",""
"","","","","FALSE","","","","","","","","","","","","","","","","","","","","",""
"","","","","FALSE","","","","","","","","","","","","","","","","","","","","",""
"","","","","FALSE","","","","","","","","","","","","","","","","","","","","",""
"","","","","FALSE","","","","","","","","","","","","","","","","","","","","",""
"","","","","FALSE","","","","","","","","","","","","","","","","","","","","",""
"","","","","FALSE","","","","","","","","","","","","","","","","","","","","",""
"","","","","FALSE","","","","","","","","","","","","","","","","","","","","",""
"","","","","FALSE","","","","","","","","","","","","","","","","","","","","",""
"","","","","FALSE","","","","","","","","","","","","","","","","","","","","",""
"","","","","FALSE","","","","","","","","","","","","","","","","","","","","",""
"","","","","FALSE","","","","","","","","","","","","","","","","","","","","",""
"","","","","FALSE","","","","","","","","","","","","","","","","","","","","",""
"","","","","FALSE","","","","","","","","","","","","","","","","","","","","",""
"","","","","FALSE","","","","","","","","","","","","","","","","","","","","",""
"","","","","FALSE","","","","","","","","","","","","","","","","","","","","",""
"","","","","FALSE","","","","","","","","","","","","","","","","","","","","",""
"","","","","FALSE","","","","","","","","","","","","","","","","","","","","",""
"","","","","FALSE","","","","","","","","","","","","","","","","","","","","",""
"","","","","FALSE","","","","","","","","","","","","","","","","","","","","",""
"","","","","FALSE","","","","","","","","","","","","","","","","","","","","",""
"","","","","FALSE","","","","","","","","","","","","","","","","","","","","",""
"","","","","FALSE","","","","","","","","","","","","","","","","","","","","",""
"","","","","FALSE","","","","","","","","","","","","","","","","","","","","",""
"","","","","FALSE","","","","","","","","","","","","","","","","","","","","",""
"","","","","FALSE","","","","","","","","","","","","","","","","","","","","",""
"","","","","FALSE","","","","","","","","","","","","","","","","","","","","",""
"","","","","FALSE","","","","","","","","","","","","","","","","","","","","",""
"","","","","FALSE","","","","","","","","","","","","","","","","","","","","",""
"","","","","FALSE","","","","","","","","","","","","","","","","","","","","",""
"","","","","FALSE","","","","","","","","","","","","","","","","","","","","",""
"","","","","FALSE","","","","","","","","","","","","","","","","","","","","",""
"","","","","FALSE","","","","","","","","","","","","","","","","","","","","",""
"","","","","FALSE","","","","","","","","","","","","","","","","","","","","",""
"","","","","FALSE","","","","","","","","","","","","","","","","","","","","",""
"","","","","FALSE","","","","","","","","","","","","","","","","","","","","",""
"","","","","FALSE","","","","","","","","","","","","","","","","","","","","",""
"","","","","FALSE","","","","","","","","","","","","","","","","","","","","",""
"","","","","FALSE","","","","","","","","","","","","","","","","","","","","",""
"","","","","FALSE","","","","","","","","","","","","","","","","","","","","",""
"","","","","FALSE","","","","","","","","","","","","","","","","","","","","",""
"","","","","FALSE","","","","","","","","","","","","","","","","","","","","",""
"","","","","FALSE","","","","","","","","","","","","","","","","","","","","",""
"","","","","FALSE","","","","","","","","","","","","","","","","","","","","",""
"","","","","FALSE","","","","","","","","","","","","","","","","","","","","",""
"","","","","FALSE","","","","","","","","","","","","","","","","","","","","",""
"","","","","FALSE","","","","","","","","","","","","","","","","","","","","",""
"","","","","FALSE","","","","","","","","","","","","","","","","","","","","",""
"","","","","FALSE","","","","","","","","","","","","","","","","","","","","",""
"","","","","FALSE","","","","","","","","","","","","","","","","","","","","",""
"","","","","FALSE","","","","","","","","","","","","","","","","","","","","",""
"","","","","FALSE","","","","","","","","","","","","","","","","","","","","",""
"","","","","FALSE","","","","","","","","","","","","","","","","","","","","",""
"","","","","FALSE","","","","","","","","","","","","","","","","","","","","",""
"","","","","FALSE","","","","","","","","","","","","","","","","","","","","",""
"","","","","FALSE","","","","","","","","","","","","","","","","","","","","",""
"","","","","FALSE","","","","","","","","","","","","","","","","","","","","",""
"","","","","FALSE","","","","","","","","","","","","","","","","","","","","",""
"","","","","FALSE","","","","","","","","","","","","","","","","","","","","",""
"","","","","FALSE","","","","","","","","","","","","","","","","","","","","",""
"","","","","FALSE","","","","","","","","","","","","","","","","","","","","",""
"","","","","FALSE","","","","","","","","","","","","","","","","","","","","",""
"","","","","FALSE","","","","","","","","","","","","","","","","","","","","",""
"","","","","FALSE","","","","","","","","","","","","","","","","","","","","",""
"","","","","FALSE","","","","","","","","","","","","","","","","","","","","",""
"","","","","FALSE","","","","","","","","","","","","","","","","","","","","",""
"","","","","FALSE","","","","","","","","","","","","","","","","","","","","",""
"","","","","FALSE","","","","","","","","","","","","","","","","","","","","",""
"","","","","FALSE","","","","","","","","","","","","","","","","","","","","",""
"","","","","FALSE","","","","","","","","","","","","","","","","","","","","",""
"","","","","FALSE","","","","","","","","","","","","","","","","","","","","",""
"","","","","FALSE","","","","","","","","","","","","","","","","","","","","",""
"","","","","FALSE","","","","","","","","","","","","","","","","","","","","",""
"","","","","FALSE","","","","","","","","","","","","","","","","","","","","",""
"","","","","FALSE","","","","","","","","","","","","","","","","","","","","",""
"","","","","FALSE","","","","","","","","","","","","","","","","","","","","",""
"","","","","FALSE","","","","","","","","","","","","","","","","","","","","",""
"","","","","FALSE","","","","","","","","","","","","","","","","","","","","",""
"","","","","FALSE","","","","","","","","","","","","","","","","","","","","",""
"","","","","FALSE","","","","","","","","","","","","","","","","","","","","",""
"","","","","FALSE","","","","","","","","","","","","","","","","","","","","",""
"","","","","FALSE","","","","","","","","","","","","","","","","","","","","",""
"","","","","FALSE","","","","","","","","","","","","","","","","","","","","",""
"","","","","FALSE","","","","","","","","","","","","","","","","","","","","",""
"","","","","FALSE","","","","","","","","","","","","","","","","","","","","",""
"","","","","FALSE","","","","","","","","","","","","","","","","","","","","",""
"","","","","FALSE","","","","","","","","","","","","","","","","","","","","",""
"","","","","FALSE","","","","","","","","","","","","","","","","","","","","",""
"","","","","FALSE","","","","","","","","","","","","","","","","","","","","",""
"","","","","FALSE","","","","","","","","","","","","","","","","","","","","",""
"","","","","FALSE","","","","","","","","","","","","","","","","","","","","",""
"","","","","FALSE","","","","","","","","","","","","","","","","","","","","",""
"","","","","FALSE","","","","","","","","","","","","","","","","","","","","",""
"","","","","FALSE","","","","","","","","","","","","","","","","","","","","",""
"","","","","FALSE","","","","","","","","","","","","","","","","","","","","",""
"","","","","FALSE","","","","","","","","","","","","","","","","","","","","",""
"","","","","FALSE","","","","","","","","","","","","","","","","","","","","",""
"","","","","FALSE","","","","","","","","","","","","","","","","","","","","",""
"","","","","FALSE","","","","","","","","","","","","","","","","","","","","",""
"","","","","FALSE","","","","","","","","","","","","","","","","","","","","",""
"","","","","FALSE","","","","","","","","","","","","","","","","","","","","",""
"","","","","FALSE","","","","","","","","","","","","","","","","","","","","",""
"","","","","FALSE","","","","","","","","","","","","","","","","","","","","",""
"","","","","FALSE","","","","","","","","","","","","","","","","","","","","",""
"","","","","FALSE","","","","","","","","","","","","","","","","","","","","",""
"","","","","FALSE","","","","","","","","","","","","","","","","","","","","",""
"","","","","FALSE","","","","","","","","","","","","","","","","","","","","",""
"","","","","FALSE","","","","","","","","","","","","","","","","","","","","",""
"","","","","FALSE","","","","","","","","","","","","","","","","","","","","",""
"","","","","FALSE","","","","","","","","","","","","","","","","","","","","",""
"","","","","FALSE","","","","","","","","","","","","","","","","","","","","",""
"","","","","FALSE","","","","","","","","","","","","","","","","","","","","",""
"","","","","FALSE","","","","","","","","","","","","","","","","","","","","",""
"","","","","FALSE","","","","","","","","","","","","","","","","","","","","",""
"","","","","FALSE","","","","","","","","","","","","","","","","","","","","",""
"","","","","FALSE","","","","","","","","","","","","","","","","","","","","",""
"","","","","FALSE","","","","","","","","","","","","","","","","","","","","",""
"","","","","FALSE","","","","","","","","","","","","","","","","","","","","",""
"","","","","FALSE","","","","","","","","","","","","","","","","","","","","",""
"","","","","FALSE","","","","","","","","","","","","","","","","","","","","",""
"","","","","FALSE","","","","","","","","","","","","","","","","","","","","",""
"","","","","FALSE","","","","","","","","","","","","","","","","","","","","",""
"","","","","FALSE","","","","","","","","","","","","","","","","","","","","",""
"","","","","FALSE","","","","","","","","","","","","","","","","","","","","",""
"","","","","FALSE","","","","","","","","","","","","","","","","","","","","",""
"","","","","FALSE","","","","","","","","","","","","","","","","","","","","",""
"","","","","FALSE","","","","","","","","","","","","","","","","","","","","",""
"","","","","FALSE","","","","","","","","","","","","","","","","","","","","",""
"","","","","FALSE","","","","","","","","","","","","","","","","","","","","",""
"","","","","FALSE","","","","","","","","","","","","","","","","","","","","",""
"","","","","FALSE","","","","","","","","","","","","","","","","","","","","",""
"","","","","FALSE","","","","","","","","","","","","","","","","","","","","",""
"","","","","FALSE","","","","","","","","","","","","","","","","","","","","",""
"","","","","FALSE","","","","","","","","","","","","","","","","","","","","",""
"","","","","FALSE","","","","","","","","","","","","","","","","","","","","",""
"","","","","FALSE","","","","","","","","","","","","","","","","","","","","",""
"","","","","FALSE","","","","","","","","","","","","","","","","","","","","",""
"","","","","FALSE","","","","","","","","","","","","","","","","","","","","",""
"","","","","FALSE","","","","","","","","","","","","","","","","","","","","",""
"","","","","FALSE","","","","","","","","","","","","","","","","","","","","",""
"","","","","FALSE","","","","","","","","","","","","","","","","","","","","",""
"","","","","FALSE","","","","","","","","","","","","","","","","","","","","",""
"","","","","FALSE","","","","","","","","","","","","","","","","","","","","",""
"","","","","FALSE","","","","","","","","","","","","","","","","","","","","",""
"","","","","FALSE","","","","","","","","","","","","","","","","","","","","",""
"","","","","FALSE","","","","","","","","","","","","","","","","","","","","",""
"","","","","FALSE","","","","","","","","","","","","","","","","","","","","",""
"","","","","FALSE","","","","","","","","","","","","","","","","","","","","",""
"","","","","FALSE","","","","","","","","","","","","","","","","","","","","",""
"","","","","FALSE","","","","","","","","","","","","","","","","","","","","",""
"","","","","FALSE","","","","","","","","","","","","","","","","","","","","",""
"","","","","FALSE","","","","","","","","","","","","","","","","","","","","",""
"","","","","FALSE","","","","","","","","","","","","","","","","","","","","",""
"","","","","FALSE","","","","","","","","","","","","","","","","","","","","",""
"","","","","FALSE","","","","","","","","","","","","","","","","","","","","",""
"","","","","FALSE","","","","","","","","","","","","","","","","","","","","",""
"","","","","FALSE","","","","","","","","","","","","","","","","","","","","",""
"","","","","FALSE","","","","","","","","","","","","","","","","","","","","",""
"","","","","FALSE","","","","","","","","","","","","","","","","","","","","",""
"","","","","FALSE","","","","","","","","","","","","","","","","","","","","",""
"","","","","FALSE","","","","","","","","","","","","","","","","","","","","",""
"","","","","FALSE","","","","","","","","","","","","","","","","","","","","",""
"","","","","FALSE","","","","","","","","","","","","","","","","","","","","",""
"","","","","FALSE","","","","","","","","","","","","","","","","","","","","",""
"","","","","FALSE","","","","","","","","","","","","","","","","","","","","",""
"","","","","FALSE","","","","","","","","","","","","","","","","","","","","",""
"","","","","FALSE","","","","","","","","","","","","","","","","","","","","",""
"","","","","FALSE","","","","","","","","","","","","","","","","","","","","",""
"","","","","FALSE","","","","","","","","","","","","","","","","","","","","",""
"","","","","FALSE","","","","","","","","","","","","","","","","","","","","",""
"","","","","FALSE","","","","","","","","","","","","","","","","","","","","",""
"","","","","FALSE","","","","","","","","","","","","","","","","","","","","",""
"","","","","FALSE","","","","","","","","","","","","","","","","","","","","",""
"","","","","FALSE","","","","","","","","","","","","","","","","","","","","",""
"","","","","FALSE","","","","","","","","","","","","","","","","","","","","",""
"","","","","FALSE","","","","","","","","","","","","","","","","","","","","",""
"","","","","FALSE","","","","","","","","","","","","","","","","","","","","",""
"","","","","FALSE","","","","","","","","","","","","","","","","","","","","",""
"","","","","FALSE","","","","","","","","","","","","","","","","","","","","",""
"","","","","FALSE","","","","","","","","","","","","","","","","","","","","",""
"","","","","FALSE","","","","","","","","","","","","","","","","","","","","",""
"","","","","FALSE","","","","","","","","","","","","","","","","","","","","",""
"","","","","FALSE","","","","","","","","","","","","","","","","","","","","",""
"","","","","FALSE","","","","","","","","","","","","","","","","","","","","",""
"","","","","FALSE","","","","","","","","","","","","","","","","","","","","",""
"","","","","FALSE","","","","","","","","","","","","","","","","","","","","",""
"","","","","FALSE","","","","","","","","","","","","","","","","","","","","",""
"","","","","FALSE","","","","","","","","","","","","","","","","","","","","",""
"","","","","FALSE","","","","","","","","","","","","","","","","","","","","",""
"","","","","FALSE","","","","","","","","","","","","","","","","","","","","",""
"","","","","FALSE","","","","","","","","","","","","","","","","","","","","",""
"","","","","FALSE","","","","","","","","","","","","","","","","","","","","",""
"","","","","FALSE","","","","","","","","","","","","","","","","","","","","",""
"","","","","FALSE","","","","","","","","","","","","","","","","","","","","",""
"","","","","FALSE","","","","","","","","","","","","","","","","","","","","",""
"","","","","FALSE","","","","","","","","","","","","","","","","","","","","",""
"","","","","FALSE","","","","","","","","","","","","","","","","","","","","",""
"","","","","FALSE","","","","","","","","","","","","","","","","","","","","",""
"","","","","FALSE","","","","","","","","","","","","","","","","","","","","",""
"","","","","FALSE","","","","","","","","","","","","","","","","","","","","",""
"","","","","FALSE","","","","","","","","","","","","","","","","","","","","",""
"","","","","FALSE","","","","","","","","","","","","","","","","","","","","",""
"","","","","FALSE","","","","","","","","","","","","","","","","","","","","",""
"","","","","FALSE","","","","","","","","","","","","","","","","","","","","",""
"","","","","FALSE","","","","","","","","","","","","","","","","","","","","",""
"","","","","FALSE","","","","","","","","","","","","","","","","","","","","",""
"","","","","FALSE","","","","","","","","","","","","","","","","","","","","",""
"","","","","FALSE","","","","","","","","","","","","","","","","","","","","",""
"","","","","FALSE","","","","","","","","","","","","","","","","","","","","",""
"","","","","FALSE","","","","","","","","","","","","","","","","","","","","",""
"","","","","FALSE","","","","","","","","","","","","","","","","","","","","",""
"","","","","FALSE","","","","","","","","","","","","","","","","","","","","",""
"","","","","FALSE","","","","","","","","","","","","","","","","","","","","",""
"","","","","FALSE","","","","","","","","","","","","","","","","","","","","",""
"","","","","FALSE","","","","","","","","","","","","","","","","","","","","",""
"","","","","FALSE","","","","","","","","","","","","","","","","","","","","",""
"","","","","FALSE","","","","","","","","","","","","","","","","","","","","",""
"","","","","FALSE","","","","","","","","","","","","","","","","","","","","",""
"","","","","FALSE","","","","","","","","","","","","","","","","","","","","",""
"","","","","FALSE","","","","","","","","","","","","","","","","","","","","",""
"","","","","FALSE","","","","","","","","","","","","","","","","","","","","",""
"","","","","FALSE","","","","","","","","","","","","","","","","","","","","",""
"","","","","FALSE","","","","","","","","","","","","","","","","","","","","",""
"","","","","FALSE","","","","","","","","","","","","","","","","","","","","",""
"","","","","FALSE","","","","","","","","","","","","","","","","","","","","",""
"","","","","FALSE","","","","","","","","","","","","","","","","","","","","",""
"","","","","FALSE","","","","","","","","","","","","","","","","","","","","",""
"","","","","FALSE","","","","","","","","","","","","","","","","","","","","",""
"","","","","FALSE","","","","","","","","","","","","","","","","","","","","",""
"","","","","FALSE","","","","","","","","","","","","","","","","","","","","",""
"","","","","FALSE","","","","","","","","","","","","","","","","","","","","",""
"","","","","FALSE","","","","","","","","","","","","","","","","","","","","",""
"","","","","FALSE","","","","","","","","","","","","","","","","","","","","",""
"","","","","FALSE","","","","","","","","","","","","","","","","","","","","",""
"","","","","FALSE","","","","","","","","","","","","","","","","","","","","",""
"","","","","FALSE","","","","","","","","","","","","","","","","","","","","",""
"","","","","FALSE","","","","","","","","","","","","","","","","","","","","",""
"","","","","FALSE","","","","","","","","","","","","","","","","","","","","",""
"","","","","FALSE","","","","","","","","","","","","","","","","","","","","",""
"","","","","FALSE","","","","","","","","","","","","","","","","","","","","",""
"","","","","FALSE","","","","","","","","","","","","","","","","","","","","",""
"","","","","FALSE","","","","","","","","","","","","","","","","","","","","",""
"","","","","FALSE","","","","","","","","","","","","","","","","","","","","",""
"","","","","FALSE","","","","","","","","","","","","","","","","","","","","",""
"","","","","FALSE","","","","","","","","","","","","","","","","","","","","",""
"","","","","FALSE","","","","","","","","","","","","","","","","","","","","",""
"","","","","FALSE","","","","","","","","","","","","","","","","","","","","",""
"","","","","FALSE","","","","","","","","","","","","","","","","","","","","",""
"","","","","FALSE","","","","","","","","","","","","","","","","","","","","",""
"","","","","FALSE","","","","","","","","","","","","","","","","","","","","",""
"","","","","FALSE","","","","","","","","","","","","","","","","","","","","",""
"","","","","FALSE","","","","","","","","","","","","","","","","","","","","",""
"","","","","FALSE","","","","","","","","","","","","","","","","","","","","",""
"","","","","FALSE","","","","","","","","","","","","","","","","","","","","",""
"","","","","FALSE","","","","","","","","","","","","","","","","","","","","",""
"","","","","FALSE","","","","","","","","","","","","","","","","","","","","",""
"","","","","FALSE","","","","","","","","","","","","","","","","","","","","",""
"","","","","FALSE","","","","","","","","","","","","","","","","","","","","",""
"","","","","FALSE","","","","","","","","","","","","","","","","","","","","",""
"","","","","FALSE","","","","","","","","","","","","","","","","","","","","",""
"","","","","FALSE","","","","","","","","","","","","","","","","","","","","",""
"","","","","FALSE","","","","","","","","","","","","","","","","","","","","",""
"","","","","FALSE","","","","","","","","","","","","","","","","","","","","",""
"","","","","FALSE","","","","","","","","","","","","","","","","","","","","",""
"","","","","FALSE","","","","","","","","","","","","","","","","","","","","",""
"","","","","FALSE","","","","","","","","","","","","","","","","","","","","",""
"","","","","FALSE","","","","","","","","","","","","","","","","","","","","",""
"","","","","FALSE","","","","","","","","","","","","","","","","","","","","",""
"","","","","FALSE","","","","","","","","","","","","","","","","","","","","",""
"","","","","FALSE","","","","","","","","","","","","","","","","","","","","",""
"","","","","FALSE","","","","","","","","","","","","","","","","","","","","",""
"","","","","FALSE","","","","","","","","","","","","","","","","","","","","",""
"","","","","FALSE","","","","","","","","","","","","","","","","","","","","",""
"","","","","FALSE","","","","","","","","","","","","","","","","","","","","",""
"","","","","FALSE","","","","","","","","","","","","","","","","","","","","",""
"","","","","FALSE","","","","","","","","","","","","","","","","","","","","",""
"","","","","FALSE","","","","","","","","","","","","","","","","","","","","",""
"","","","","FALSE","","","","","","","","","","","","","","","","","","","","",""
"","","","","FALSE","","","","","","","","","","","","","","","","","","","","",""
"","","","","FALSE","","","","","","","","","","","","","","","","","","","","",""
"","","","","FALSE","","","","","","","","","","","","","","","","","","","","",""
"","","","","FALSE","","","","","","","","","","","","","","","","","","","","",""
"","","","","FALSE","","","","","","","","","","","","","","","","","","","","",""
"","","","","FALSE","","","","","","","","","","","","","","","","","","","","",""
"","","","","FALSE","","","","","","","","","","","","","","","","","","","","",""
"","","","","FALSE","","","","","","","","","","","","","","","","","","","","",""
"","","","","FALSE","","","","","","","","","","","","","","","","","","","","",""
"","","","","FALSE","","","","","","","","","","","","","","","","","","","","",""
"","","","","FALSE","","","","","","","","","","","","","","","","","","","","",""
"","","","","FALSE","","","","","","","","","","","","","","","","","","","","",""
"","","","","FALSE","","","","","","","","","","","","","","","","","","","","",""
"","","","","FALSE","","","","","","","","","","","","","","","","","","","","",""
"","","","","FALSE","","","","","","","","","","","","","","","","","","","","",""
"","","","","FALSE","","","","","","","","","","","","","","","","","","","","",""
"","","","","FALSE","","","","","","","","","","","","","","","","","","","","",""
"","","","","FALSE","","","","","","","","","","","","","","","","","","","","",""
"","","","","FALSE","","","","","","","","","","","","","","","","","","","","",""
"","","","","FALSE","","","","","","","","","","","","","","","","","","","","",""
"","","","","FALSE","","","","","","","","","","","","","","","","","","","","",""
"","","","","FALSE","","","","","","","","","","","","","","","","","","","","",""
"","","","","FALSE","","","","","","","","","","","","","","","","","","","","",""
"","","","","FALSE","","","","","","","","","","","","","","","","","","","","",""
"","","","","FALSE","","","","","","","","","","","","","","","","","","","","",""
"","","","","FALSE","","","","","","","","","","","","","","","","","","","","",""
"","","","","FALSE","","","","","","","","","","","","","","","","","","","","",""
"","","","","FALSE","","","","","","","","","","","","","","","","","","","","",""
"","","","","FALSE","","","","","","","","","","","","","","","","","","","","",""
"","","","","FALSE","","","","","","","","","","","","","","","","","","","","",""
"","","","","FALSE","","","","","","","","","","","","","","","","","","","","",""
"","","","","FALSE","","","","","","","","","","","","","","","","","","","","",""
"","","","","FALSE","","","","","","","","","","","","","","","","","","","","",""
"","","","","FALSE","","","","","","","","","","","","","","","","","","","","",""
"","","","","FALSE","","","","","","","","","","","","","","","","","","","","",""
"","","","","FALSE","","","","","","","","","","","","","","","","","","","","",""
"","","","","FALSE","","","","","","","","","","","","","","","","","","","","",""
"","","","","FALSE","","","","","","","","","","","","","","","","","","","","",""
"","","","","FALSE","","","","","","","","","","","","","","","","","","","","",""
"","","","","FALSE","","","","","","","","","","","","","","","","","","","","",""
"","","","","FALSE","","","","","","","","","","","","","","","","","","","","",""
"","","","","FALSE","","","","","","","","","","","","","","","","","","","","",""
"","","","","FALSE","","","","","","","","","","","","","","","","","","","","",""
"","","","","FALSE","","","","","","","","","","","","","","","","","","","","",""
"","","","","FALSE","","","","","","","","","","","","","","","","","","","","",""
"","","","","FALSE","","","","","","","","","","","","","","","","","","","","",""
"","","","","FALSE","","","","","","","","","","","","","","","","","","","","",""
"","","","","FALSE","","","","","","","","","","","","","","","","","","","","",""
"","","","","FALSE","","","","","","","","","","","","","","","","","","","","",""
"","","","","FALSE","","","","","","","","","","","","","","","","","","","","",""
"","","","","FALSE","","","","","","","","","","","","","","","","","","","","",""
"","","","","FALSE","","","","","","","","","","","","","","","","","","","","",""
"","","","","FALSE","","","","","","","","","","","","","","","","","","","","",""
"","","","","FALSE","","","","","","","","","","","","","","","","","","","","",""
"","","","","FALSE","","","","","","","","","","","","","","","","","","","","",""
"","","","","FALSE","","","","","","","","","","","","","","","","","","","","",""
"","","","","FALSE","","","","","","","","","","","","","","","","","","","","",""
"","","","","FALSE","","","","","","","","","","","","","","","","","","","","",""
"","","","","FALSE","","","","","","","","","","","","","","","","","","","","",""
"","","","","FALSE","","","","","","","","","","","","","","","","","","","","",""
"","","","","FALSE","","","","","","","","","","","","","","","","","","","","",""
"","","","","FALSE","","","","","","","","","","","","","","","","","","","","",""
"","","","","FALSE","","","","","","","","","","","","","","","","","","","","",""
"","","","","FALSE","","","","","","","","","","","","","","","","","","","","",""
"","","","","FALSE","","","","","","","","","","","","","","","","","","","","",""
"","","","","FALSE","","","","","","","","","","","","","","","","","","","","",""
"","","","","FALSE","","","","","","","","","","","","","","","","","","","","",""
"","","","","FALSE","","","","","","","","","","","","","","","","","","","","",""
"","","","","FALSE","","","","","","","","","","","","","","","","","","","","",""
"","","","","FALSE","","","","","","","","","","","","","","","","","","","","",""
"","","","","FALSE","","","","","","","","","","","","","","","","","","","","",""
"","","","","FALSE","","","","","","","","","","","","","","","","","","","","",""
"","","","","FALSE","","","","","","","","","","","","","","","","","","","","",""
"","","","","FALSE","","","","","","","","","","","","","","","","","","","","",""
"","","","","FALSE","","","","","","","","","","","","","","","","","","","","",""
"","","","","FALSE","","","","","","","","","","","","","","","","","","","","",""
"","","","","FALSE","","","","","","","","","","","","","","","","","","","","",""
"","","","","FALSE","","","","","","","","","","","","","","","","","","","","",""
"","","","","FALSE","","","","","","","","","","","","","","","","","","","","",""
"","","","","FALSE","","","","","","","","","","","","","","","","","","","","",""
"","","","","FALSE","","","","","","","","","","","","","","","","","","","","",""
"","","","","FALSE","","","","","","","","","","","","","","","","","","","","",""
"","","","","FALSE","","","","","","","","","","","","","","","","","","","","",""
"","","","","FALSE","","","","","","","","","","","","","","","","","","","","",""
"","","","","FALSE","","","","","","","","","","","","","","","","","","","","",""
"","","","","FALSE","","","","","","","","","","","","","","","","","","","","",""
"","","","","FALSE","","","","","","","","","","","","","","","","","","","","",""
"","","","","FALSE","","","","","","","","","","","","","","","","","","","","",""
"","","","","FALSE","","","","","","","","","","","","","","","","","","","","",""
"","","","","FALSE","","","","","","","","","","","","","","","","","","","","",""
"","","","","FALSE","","","","","","","","","","","","","","","","","","","","",""
"","","","","FALSE","","","","","","","","","","","","","","","","","","","","",""
"","","","","FALSE","","","","","","","","","","","","","","","","","","","","",""
"","","","","FALSE","","","","","","","","","","","","","","","","","","","","",""
"","","","","FALSE","","","","","","","","","","","","","","","","","","","","",""
"","","","","FALSE","","","","","","","","","","","","","","","","","","","","",""
"","","","","FALSE","","","","","","","","","","","","","","","","","","","","",""
"","","","","FALSE","","","","","","","","","","","","","","","","","","","","",""
"","","","","FALSE","","","","","","","","","","","","","","","","","","","","",""
"","","","","FALSE","","","","","","","","","","","","","","","","","","","","",""
"","","","","FALSE","","","","","","","","","","","","","","","","","","","","",""
"","","","","FALSE","","","","","","","","","","","","","","","","","","","","",""
"","","","","FALSE","","","","","","","","","","","","","","","","","","","","",""
"","","","","FALSE","","","","","","","","","","","","","","","","","","","","",""
"","","","","FALSE","","","","","","","","","","","","","","","","","","","","",""
"","","","","FALSE","","","","","","","","","","","","","","","","","","","","",""
"","","","","FALSE","","","","","","","","","","","","","","","","","","","","",""
"","","","","FALSE","","","","","","","","","","","","","","","","","","","","",""
"","","","","FALSE","","","","","","","","","","","","","","","","","","","","",""
"","","","","FALSE","","","","","","","","","","","","","","","","","","","","",""
"","","","","FALSE","","","","","","","","","","","","","","","","","","","","",""
"","","","","FALSE","","","","","","","","","","","","","","","","","","","","",""
"","","","","FALSE","","","","","","","","","","","","","","","","","","","","",""
"","","","","FALSE","","","","","","","","","","","","","","","","","","","","",""
"","","","","FALSE","","","","","","","","","","","","","","","","","","","","",""
"","","","","FALSE","","","","","","","","","","","","","","","","","","","","",""
"","","","","FALSE","","","","","","","","","","","","","","","","","","","","",""
"","","","","FALSE","","","","","","","","","","","","","","","","","","","","",""
"","","","","FALSE","","","","","","","","","","","","","","","","","","","","",""
"","","","","FALSE","","","","","","","","","","","","","","","","","","","","",""
"","","","","FALSE","","","","","","","","","","","","","","","","","","","","",""
"","","","","FALSE","","","","","","","","","","","","","","","","","","","","",""
"","","","","FALSE","","","","","","","","","","","","","","","","","","","","",""
"","","","","FALSE","","","","","","","","","","","","","","","","","","","","",""
"","","","","FALSE","","","","","","","","","","","","","","","","","","","","",""
"","","","","FALSE","","","","","","","","","","","","","","","","","","","","",""
"","","","","FALSE","","","","","","","","","","","","","","","","","","","","",""
"","","","","FALSE","","","","","","","","","","","","","","","","","","","","",""
"","","","","FALSE","","","","","","","","","","","","","","","","","","","","",""
"","","","","FALSE","","","","","","","","","","","","","","","","","","","","",""
"","","","","FALSE","","","","","","","","","","","","","","","","","","","","",""
"","","","","FALSE","","","","","","","","","","","","","","","","","","","","",""
"","","","","FALSE","","","","","","","","","","","","","","","","","","","","",""
"","","","","FALSE","","","","","","","","","","","","","","","","","","","","",""
"","","","","FALSE","","","","","","","","","","","","","","","","","","","","",""
"","","","","FALSE","","","","","","","","","","","","","","","","","","","","",""
"","","","","FALSE","","","","","","","","","","","","","","","","","","","","",""
"","","","","FALSE","","","","","","","","","","","","","","","","","","","","",""
"","","","","FALSE","","","","","","","","","","","","","","","","","","","","",""
"","","","","FALSE","","","","","","","","","","","","","","","","","","","","",""
"","","","","FALSE","","","","","","","","","","","","","","","","","","","","",""
"","","","","FALSE","","","","","","","","","","","","","","","","","","","","",""
"","","","","FALSE","","","","","","","","","","","","","","","","","","","","",""
"","","","","FALSE","","","","","","","","","","","","","","","","","","","","",""
"","","","","FALSE","","","","","","","","","","","","","","","","","","","","",""
"","","","","FALSE","","","","","","","","","","","","","","","","","","","","",""
"","","","","FALSE","","","","","","","","","","","","","","","","","","","","",""
"","","","","FALSE","","","","","","","","","","","","","","","","","","","","",""
"","","","","FALSE","","","","","","","","","","","","","","","","","","","","",""
"","","","","FALSE","","","","","","","","","","","","","","","","","","","","",""
"","","","","FALSE","","","","","","","","","","","","","","","","","","","","",""
"","","","","FALSE","","","","","","","","","","","","","","","","","","","","",""
"","","","","FALSE","","","","","","","","","","","","","","","","","","","","",""
"","","","","FALSE","","","","","","","","","","","","","","","","","","","","",""
"","","","","FALSE","","","","","","","","","","","","","","","","","","","","",""
"","","","","FALSE","","","","","","","","","","","","","","","","","","","","",""
"","","","","FALSE","","","","","","","","","","","","","","","","","","","","",""
"","","","","FALSE","","","","","","","","","","","","","","","","","","","","",""
"","","","","FALSE","","","","","","","","","","","","","","","","","","","","",""
"","","","","FALSE","","","","","","","","","","","","","","","","","","","","",""
"","","","","FALSE","","","","","","","","","","","","","","","","","","","","",""
"","","","","FALSE","","","","","","","","","","","","","","","","","","","","",""
"","","","","FALSE","","","","","","","","","","","","","","","","","","","","",""
"","","","","FALSE","","","","","","","","","","","","","","","","","","","","",""
"","","","","FALSE","","","","","","","","","","","","","","","","","","","","",""
"","","","","FALSE","","","","","","","","","","","","","","","","","","","","",""
"","","","","FALSE","","","","","","","","","","","","","","","","","","","","",""
"","","","","FALSE","","","","","","","","","","","","","","","","","","","","",""
"","","","","FALSE","","","","","","","","","","","","","","","","","","","","",""
"","","","","FALSE","","","","","","","","","","","","","","","","","","","","",""
"","","","","FALSE","","","","","","","","","","","","","","","","","","","","",""
"","","","","FALSE","","","","","","","","","","","","","","","","","","","","",""
"","","","","FALSE","","","","","","","","","","","","","","","","","","","","",""
"","","","","FALSE","","","","","","","","","","","","","","","","","","","","",""
"","","","","FALSE","","","","","","","","","","","","","","","","","","","","",""
"","","","","FALSE","","","","","","","","","","","","","","","","","","","","",""
"","","","","FALSE","","","","","","","","","","","","","","","","","","","","",""
"","","","","FALSE","","","","","","","","","","","","","","","","","","","","",""
"","","","","FALSE","","","","","","","","","","","","","","","","","","","","",""
"","","","","FALSE","","","","","","","","","","","","","","","","","","","","",""
"","","","","FALSE","","","","","","","","","","","","","","","","","","","","",""
"","","","","FALSE","","","","","","","","","","","","","","","","","","","","",""
"","","","","FALSE","","","","","","","","","","","","","","","","","","","","",""
"","","","","FALSE","","","","","","","","","","","","","","","","","","","","",""
"","","","","FALSE","","","","","","","","","","","","","","","","","","","","",""
"","","","","FALSE","","","","","","","","","","","","","","","","","","","","",""
"","","","","FALSE","","","","","","","","","","","","","","","","","","","","",""
"","","","","FALSE","","","","","","","","","","","","","","","","","","","","",""
"","","","","FALSE","","","","","","","","","","","","","","","","","","","","",""
"","","","","FALSE","","","","","","","","","","","","","","","","","","","","",""
"","","","","FALSE","","","","","","","","","","","","","","","","","","","","",""
"","","","","FALSE","","","","","","","","","","","","","","","","","","","","",""
"","","","","FALSE","","","","","","","","","","","","","","","","","","","","",""
"","","","","FALSE","","","","","","","","","","","","","","","","","","","","",""
"","","","","FALSE","","","","","","","","","","","","","","","","","","","","",""
"","","","","FALSE","","","","","","","","","","","","","","","","","","","","",""
"","","","","FALSE","","","","","","","","","","","","","","","","","","","","",""
"","","","","FALSE","","","","","","","","","","","","","","","","","","","","",""
"","","","","FALSE","","","","","","","","","","","","","","","","","","","","",""
"","","","","FALSE","","","","","","","","","","","","","","","","","","","","",""
"","","","","FALSE","","","","","","","","","","","","","","","","","","","","",""
"","","","","FALSE","","","","","","","","","","","","","","","","","","","","",""
"","","","","FALSE","","","","","","","","","","","","","","","","","","","","",""
"","","","","FALSE","","","","","","","","","","","","","","","","","","","","",""
"","","","","FALSE","","","","","","","","","","","","","","","","","","","","",""
"","","","","FALSE","","","","","","","","","","","","","","","","","","","","",""
"","","","","FALSE","","","","","","","","","","","","","","","","","","","","",""
"","","","","FALSE","","","","","","","","","","","","","","","","","","","","",""
"","","","","FALSE","","","","","","","","","","","","","","","","","","","","",""
"","","","","FALSE","","","","","","","","","","","","","","","","","","","","",""
"","","","","FALSE","","","","","","","","","","","","","","","","","","","","",""
"","","","","FALSE","","","","","","","","","","","","","","","","","","","","",""
"","","","","FALSE","","","","","","","","","","","","","","","","","","","","",""
"","","","","FALSE","","","","","","","","","","","","","","","","","","","","",""
"","","","","FALSE","","","","","","","","","","","","","","","","","","","","",""
"","","","","FALSE","","","","","","","","","","","","","","","","","","","","",""
"","","","","FALSE","","","","","","","","","","","","","","","","","","","","",""
"","","","","FALSE","","","","","","","","","","","","","","","","","","","","",""
"","","","","FALSE","","","","","","","","","","","","","","","","","","","","",""
"","","","","FALSE","","","","","","","","","","","","","","","","","","","","",""
"","","","","FALSE","","","","","","","","","","","","","","","","","","","","",""
"","","","","FALSE","","","","","","","","","","","","","","","","","","","","",""
"","","","","FALSE","","","","","","","","","","","","","","","","","","","","",""
"","","","","FALSE","","","","","","","","","","","","","","","","","","","","",""
"","","","","FALSE","","","","","","","","","","","","","","","","","","","","",""
"","","","","FALSE","","","","","","","","","","","","","","","","","","","","",""
"","","","","FALSE","","","","","","","","","","","","","","","","","","","","",""
"","","","","FALSE","","","","","","","","","","","","","","","","","","","","",""
"","","","","FALSE","","","","","","","","","","","","","","","","","","","","",""
"","","","","FALSE","","","","","","","","","","","","","","","","","","","","",""
"","","","","FALSE","","","","","","","","","","","","","","","","","","","","",""
"","","","","FALSE","","","","","","","","","","","","","","","","","","","","",""
"","","","","FALSE","","","","","","","","","","","","","","","","","","","","",""
"","","","","FALSE","","","","","","","","","","","","","","","","","","","","",""
"","","","","FALSE","","","","","","","","","","","","","","","","","","","","",""
"","","","","FALSE","","","","","","","","","","","","","","","","","","","","",""
"","","","","FALSE","","","","","","","","","","","","","","","","","","","","",""
"","","","","FALSE","","","","","","","","","","","","","","","","","","","","",""
"","","","","FALSE","","","","","","","","","","","","","","","","","","","","",""
"","","","","FALSE","","","","","","","","","","","","","","","","","","","","",""
"","","","","FALSE","","","","","","","","","","","","","","","","","","","","",""
"","","","","FALSE","","","","","","","","","","","","","","","","","","","","",""
"","","","","FALSE","","","","","","","","","","","","","","","","","","","","",""
"","","","","FALSE","","","","","","","","","","","","","","","","","","","","",""
"","","","","FALSE","","","","","","","","","","","","","","","","","","","","",""
"","","","","FALSE","","","","","","","","","","","","","","","","","","","","",""
"","","","","FALSE","","","","","","","","","","","","","","","","","","","","",""
"","","","","FALSE","","","","","","","","","","","","","","","","","","","","",""
"","","","","FALSE","","","","","","","","","","","","","","","","","","","","",""
"","","","","FALSE","","","","","","","","","","","","","","","","","","","","",""
"","","","","FALSE","","","","","","","","","","","","","","","","","","","","",""
"","","","","FALSE","","","","","","","","","","","","","","","","","","","","",""
"","","","","FALSE","","","","","","","","","","","","","","","","","","","","",""
"","","","","FALSE","","","","","","","","","","","","","","","","","","","","",""
"","","","","FALSE","","","","","","","","","","","","","","","","","","","","",""
"","","","","FALSE","","","","","","","","","","","","","","","","","","","","",""
"","","","","FALSE","","","","","","","","","","","","","","","","","","","","",""
"","","","","FALSE","","","","","","","","","","","","","","","","","","","","",""
"","","","","FALSE","","","","","","","","","","","","","","","","","","","","",""
"","","","","FALSE","","","","","","","","","","","","","","","","","","","","",""
"","","","","FALSE","","","","","","","","","","","","","","","","","","","","",""
"","","","","FALSE","","","","","","","","","","","","","","","","","","","","",""
"","","","","FALSE","","","","","","","","","","","","","","","","","","","","",""
"","","","","FALSE","","","","","","","","","","","","","","","","","","","","",""
"","","","","FALSE","","","","","","","","","","","","","","","","","","","","",""
"","","","","FALSE","","","","","","","","","","","","","","","","","","","","",""
"","","","","FALSE","","","","","","","","","","","","","","","","","","","","",""
"","","","","FALSE","","","","","","","","","","","","","","","","","","","","",""
"","","","","FALSE","","","","","","","","","","","","","","","","","","","","",""
"","","","","FALSE","","","","","","","","","","","","","","","","","","","","",""
"","","","","FALSE","","","","","","","","","","","","","","","","","","","","",""
"","","","","FALSE","","","","","","","","","","","","","","","","","","","","",""
"","","","","FALSE","","","","","","","","","","","","","","","","","","","","",""
"","","","","FALSE","","","","","","","","","","","","","","","","","","","","",""
"","","","","FALSE","","","","","","","","","","","","","","","","","","","","",""
"","","","","FALSE","","","","","","","","","","","","","","","","","","","","",""
"","","","","FALSE","","","","","","","","","","","","","","","","","","","","",""
"","","","","FALSE","","","","","","","","","","","","","","","","","","","","",""
"","","","","FALSE","","","","","","","","","","","","","","","","","","","","",""
"","","","","FALSE","","","","","","","","","","","","","","","","","","","","",""
"","","","","FALSE","","","","","","","","","","","","","","","","","","","","",""
"","","","","FALSE","","","","","","","","","","","","","","","","","","","","",""
"","","","","FALSE","","","","","","","","","","","","","","","","","","","","",""
"","","","","FALSE","","","","","","","","","","","","","","","","","","","","",""
"","","","","FALSE","","","","","","","","","","","","","","","","","","","","",""
"","","","","FALSE","","","","","","","","","","","","","","","","","","","","",""
"","","","","FALSE","","","","","","","","","","","","","","","","","","","","",""
"","","","","FALSE","","","","","","","","","","","","","","","","","","","","",""
"","","","","FALSE","","","","","","","","","","","","","","","","","","","","",""
"","","","","FALSE","","","","","","","","","","","","","","","","","","","","",""
"","","","","FALSE","","","","","","","","","","","","","","","","","","","","",""
"","","","","FALSE","","","","","","","","","","","","","","","","","","","","",""
"","","","","FALSE","","","","","","","","","","","","","","","","","","","","",""
"","","","","FALSE","","","","","","","","","","","","","","","","","","","","",""
"","","","","FALSE","","","","","","","","","","","","","","","","","","","","",""
"","","","","FALSE","","","","","","","","","","","","","","","","","","","","",""
"","","","","FALSE","","","","","","","","","","","","","","","","","","","","",""
"","","","","FALSE","","","","","","","","","","","","","","","","","","","","",""
"","","","","FALSE","","","","","","","","","","","","","","","","","","","","",""
"","","","","FALSE","","","","","","","","","","","","","","","","","","","","",""
"","","","","FALSE","","","","","","","","","","","","","","","","","","","","",""
"","","","","FALSE","","","","","","","","","","","","","","","","","","","","",""
"","","","","FALSE","","","","","","","","","","","","","","","","","","","","",""
"","","","","FALSE","","","","","","","","","","","","","","","","","","","","",""
"","","","","FALSE","","","","","","","","","","","","","","","","","","","","",""
"","","","","FALSE","","","","","","","","","","","","","","","","","","","","",""
"","","","","FALSE","","","","","","","","","","","","","","","","","","","","",""
"","","","","FALSE","","","","","","","","","","","","","","","","","","","","",""
"","","","","FALSE","","","","","","","","","","","","","","","","","","","","",""
"","","","","FALSE","","","","","","","","","","","","","","","","","","","","",""
"","","","","FALSE","","","","","","","","","","","","","","","","","","","","",""
"","","","","FALSE","","","","","","","","","","","","","","","","","","","","",""
"","","","","FALSE","","","","","","","","","","","","","","","","","","","","",""
"","","","","FALSE","","","","","","","","","","","","","","","","","","","","",""
"","","","","FALSE","","","","","","","","","","","","","","","","","","","","",""
"","","","","FALSE","","","","","","","","","","","","","","","","","","","","",""
"","","","","FALSE","","","","","","","","","","","","","","","","","","","","",""
"","","","","FALSE","","","","","","","","","","","","","","","","","","","","",""
"","","","","FALSE","","","","","","","","","","","","","","","","","","","","",""
"","","","","FALSE","","","","","","","","","","","","","","","","","","","","",""
"","","","","FALSE","","","","","","","","","","","","","","","","","","","","",""
"","","","","FALSE","","","","","","","","","","","","","","","","","","","","",""
"","","","","FALSE","","","","","","","","","","","","","","","","","","","","",""
"","","","","FALSE","","","","","","","","","","","","","","","","","","","","",""
"","","","","FALSE","","","","","","","","","","","","","","","","","","","","",""
"","","","","FALSE","","","","","","","","","","","","","","","","","","","","",""
"","","","","FALSE","","","","","","","","","","","","","","","","","","","","",""
"","","","","FALSE","","","","","","","","","","","","","","","","","","","","",""
"","","","","FALSE","","","","","","","","","","","","","","","","","","","","",""
"","","","","FALSE","","","","","","","","","","","","","","","","","","","","",""
"","","","","FALSE","","","","","","","","","","","","","","","","","","","","",""
"","","","","FALSE","","","","","","","","","","","","","","","","","","","","",""
"","","","","FALSE","","","","","","","","","","","","","","","","","","","","",""
"","","","","FALSE","","","","","","","","","","","","","","","","","","","","",""
"","","","","FALSE","","","","","","","","","","","","","","","","","","","","",""
"","","","","FALSE","","","","","","","","","","","","","","","","","","","","",""
"","","","","FALSE","","","","","","","","","","","","","","","","","","","","",""
"","","","","FALSE","","","","","","","","","","","","","","","","","","","","",""
"","","","","FALSE","","","","","","","","","","","","","","","","","","","","",""
"","","","","FALSE","","","","","","","","","","","","","","","","","","","","",""
"","","","","FALSE","","","","","","","","","","","","","","","","","","","","",""
"","","","","FALSE","","","","","","","","","","","","","","","","","","","","",""
"","","","","FALSE","","","","","","","","","","","","","","","","","","","","",""
"","","","","FALSE","","","","","","","","","","","","","","","","","","","","",""
"","","","","FALSE","","","","","","","","","","","","","","","","","","","","",""
"","","","","FALSE","","","","","","","","","","","","","","","","","","","","",""
"","","","","FALSE","","","","","","","","","","","","","","","","","","","","",""
"","","","","FALSE","","","","","","","","","","","","","","","","","","","","",""
"","","","","FALSE","","","","","","","","","","","","","","","","","","","","",""
"","","","","FALSE","","","","","","","","","","","","","","","","","","","","",""
"","","","","FALSE","","","","","","","","","","","","","","","","","","","","",""
"","","","","FALSE","","","","","","","","","","","","","","","","","","","","",""
"","","","","FALSE","","","","","","","","","","","","","","","","","","","","",""
"","","","","FALSE","","","","","","","","","","","","","","","","","","","","",""
"","","","","FALSE","","","","","","","","","","","","","","","","","","","","",""
"","","","","FALSE","","","","","","","","","","","","","","","","","","","","",""
"","","","","FALSE","","","","","","","","","","","","","","","","","","","","",""
"","","","","FALSE","","","","","","","","","","","","","","","","","","","","",""
"","","","","FALSE","","","","","","","","","","","","","","","","","","","","",""
"","","","","FALSE","","","","","","","","","","","","","","","","","","","","",""
"","","","","FALSE","","","","","","","","","","","","","","","","","","","","",""
"","","","","FALSE","","","","","","","","","","","","","","","","","","","","",""
"","","","","FALSE","","","","","","","","","","","","","","","","","","","","",""
"","","","","FALSE","","","","","","","","","","","","","","","","","","","","",""
"","","","","FALSE","","","","","","","","","","","","","","","","","","","","",""
"","","","","FALSE","","","","","","","","","","","","","","","","","","","","",""
"","","","","FALSE","","","","","","","","","","","","","","","","","","","","",""
"","","","","FALSE","","","","","","","","","","","","","","","","","","","","",""
"","","","","FALSE","","","","","","","","","","","","","","","","","","","","",""
"","","","","FALSE","","","","","","","","","","","","","","","","","","","","",""
"","","","","FALSE","","","","","","","","","","","","","","","","","","","","",""
"","","","","FALSE","","","","","","","","","","","","","","","","","","","","",""
"","","","","FALSE","","","","","","","","","","","","","","","","","","","","",""
"","","","","FALSE","","","","","","","","","","","","","","","","","","","","",""
"","","","","FALSE","","","","","","","","","","","","","","","","","","","","",""
"","","","","FALSE","","","","","","","","","","","","","","","","","","","","",""
"","","","","FALSE","","","","","","","","","","","","","","","","","","","","",""
"","","","","FALSE","","","","","","","","","","","","","","","","","","","","",""
"","","","","FALSE","","","","","","","","","","","","","","","","","","","","",""
"","","","","FALSE","","","","","","","","","","","","","","","","","","","","",""
"","","","","FALSE","","","","","","","","","","","","","","","","","","","","",""
"","","","","FALSE","","","","","","","","","","","","","","","","","","","","",""
"","","","","FALSE","","","","","","","","","","","","","","","","","","","","",""
"","","","","FALSE","","","","","","","","","","","","","","","","","","","","",""
"","","","","FALSE","","","","","","","","","","","","","","","","","","","","",""
"","","","","FALSE","","","","","","","","","","","","","","","","","","","","",""
"","","","","FALSE","","","","","","","","","","","","","","","","","","","","",""
"","","","","FALSE","","","","","","","","","","","","","","","","","","","","",""
"","","","","FALSE","","","","","","","","","","","","","","","","","","","","",""
"","","","","FALSE","","","","","","","","","","","","","","","","","","","","",""
"","","","","FALSE","","","","","","","","","","","","","","","","","","","","",""
"","","","","FALSE","","","","","","","","","","","","","","","","","","","","",""
"","","","","FALSE","","","","","","","","","","","","","","","","","","","","",""
"","","","","FALSE","","","","","","","","","","","","","","","","","","","","",""
"","","","","FALSE","","","","","","","","","","","","","","","","","","","","",""
"","","","","FALSE","","","","","","","","","","","","","","","","","","","","",""
"","","","","FALSE","","","","","","","","","","","","","","","","","","","","",""
"","","","","FALSE","","","","","","","","","","","","","","","","","","","","",""
"","","","","FALSE","","","","","","","","","","","","","","","","","","","","",""
"","","","","FALSE","","","","","","","","","","","","","","","","","","","","",""
"","","","","FALSE","","","","","","","","","","","","","","","","","","","","",""
"","","","","FALSE","","","","","","","","","","","","","","","","","","","","",""
"","","","","FALSE","","","","","","","","","","","","","","","","","","","","",""
"","","","","FALSE","","","","","","","","","","","","","","","","","","","","",""
"","","","","FALSE","","","","","","","","","","","","","","","","","","","","",""
"","","","","FALSE","","","","","","","","","","","","","","","","","","","","",""
"","","","","FALSE","","","","","","","","","","","","","","","","","","","","",""
"","","","","FALSE","","","","","","","","","","","","","","","","","","","","",""
"","","","","FALSE","","","","","","","","","","","","","","","","","","","","",""
"","","","","FALSE","","","","","","","","","","","","","","","","","","","","",""
"","","","","FALSE","","","","","","","","","","","","","","","","","","","","",""
"","","","","FALSE","","","","","","","","","","","","","","","","","","","","",""
"","","","","FALSE","","","","","","","","","","","","","","","","","","","","",""
"","","","","FALSE","","","","","","","","","","","","","","","","","","","","",""
"","","","","FALSE","","","","","","","","","","","","","","","","","","","","",""
"","","","","FALSE","","","","","","","","","","","","","","","","","","","","",""
"","","","","FALSE","","","","","","","","","","","","","","","","","","","","",""
"","","","","FALSE","","","","","","","","","","","","","","","","","","","","",""
"","","","","FALSE","","","","","","","","","","","","","","","","","","","","",""
"","","","","FALSE","","","","","","","","","","","","","","","","","","","","",""
"","","","","FALSE","","","","","","","","","","","","","","","","","","","","",""
"","","","","FALSE","","","","","","","","","","","","","","","","","","","","",""
"","","","","FALSE","","","","","","","","","","","","","","","","","","","","",""
"","","","","FALSE","","","","","","","","","","","","","","","","","","","","",""
"","","","","FALSE","","","","","","","","","","","","","","","","","","","","",""
"","","","","FALSE","","","","","","","","","","","","","","","","","","","","",""
"","","","","FALSE","","","","","","","","","","","","","","","","","","","","",""
"","","","","FALSE","","","","","","","","","","","","","","","","","","","","",""
"","","","","FALSE","","","","","","","","","","","","","","","","","","","","",""
"","","","","FALSE","","","","","","","","","","","","","","","","","","","","",""
"","","","","FALSE","","","","","","","","","","","","","","","","","","","","",""
"","","","","FALSE","","","","","","","","","","","","","","","","","","","","",""
"","","","","FALSE","","","","","","","","","","","","","","","","","","","","",""
"","","","","FALSE","","","","","","","","","","","","","","","","","","","","",""
"","","","","FALSE","","","","","","","","","","","","","","","","","","","","",""
"","","","","FALSE","","","","","","","","","","","","","","","","","","","","",""
"","","","","FALSE","","","","","","","","","","","","","","","","","","","","",""
"","","","","FALSE","","","","","","","","","","","","","","","","","","","","",""
"","","","","FALSE","","","","","","","","","","","","","","","","","","","","",""
"","","","","FALSE","","","","","","","","","","","","","","","","","","","","",""
"","","","","FALSE","","","","","","","","","","","","","","","","","","","","",""
"","","","","FALSE","","","","","","","","","","","","","","","","","","","","",""
"","","","","FALSE","","","","","","","","","","","","","","","","","","","","",""
"","","","","FALSE","","","","","","","","","","","","","","","","","","","","",""
"","","","","FALSE","","","","","","","","","","","","","","","","","","","","",""
"","","","","FALSE","","","","","","","","","","","","","","","","","","","","",""
"","","","","FALSE","","","","","","","","","","","","","","","","","","","","",""
"","","","","FALSE","","","","","","","","","","","","","","","","","","","","",""
"","","","","FALSE","","","","","","","","","","","","","","","","","","","","",""
"","","","","FALSE","","","","","","","","","","","","","","","","","","","","",""
"","","","","FALSE","","","","","","","","","","","","","","","","","","","","",""
"","","","","FALSE","","","","","","","","","","","","","","","","","","","","",""
"","","","","FALSE","","","","","","","","","","","","","","","","","","","","",""
"","","","","FALSE","","","","","","","","","","","","","","","","","","","","",""
"","","","","FALSE","","","","","","","","","","","","","","","","","","","","",""
"","","","","FALSE","","","","","","","","","","","","","","","","","","","","",""
"","","","","FALSE","","","","","","","","","","","","","","","","","","","","",""
"","","","","FALSE","","","","","","","","","","","","","","","","","","","","",""
"","","","","FALSE","","","","","","","","","","","","","","","","","","","","",""
"","","","","FALSE","","","","","","","","","","","","","","","","","","","","",""
"","","","","FALSE","","","","","","","","","","","","","","","","","","","","",""
"","","","","FALSE","","","","","","","","","","","","","","","","","","","","",""
"","","","","FALSE","","","","","","","","","","","","","","","","","","","","",""
"","","","","FALSE","","","","","","","","","","","","","","","","","","","","",""
"","","","","FALSE","","","","","","","","","","","","","","","","","","","","",""
"","","","","FALSE","","","","","","","","","","","","","","","","","","","","",""
"","","","","FALSE","","","","","","","","","","","","","","","","","","","","",""
"","","","","FALSE","","","","","","","","","","","","","","","","","","","","",""
"","","","","FALSE","","","","","","","","","","","","","","","","","","","","",""
"","","","","FALSE","","","","","","","","","","","","","","","","","","","","",""
"","","","","FALSE","","","","","","","","","","","","","","","","","","","","",""
"","","","","FALSE","","","","","","","","","","","","","","","","","","","","",""
"","","","","FALSE","","","","","","","","","","","","","","","","","","","","",""
"","","","","FALSE","","","","","","","","","","","","","","","","","","","","",""
"","","","","FALSE","","","","","","","","","","","","","","","","","","","","",""
"","","","","FALSE","","","","","","","","","","","","","","","","","","","","",""
"","","","","FALSE","","","","","","","","","","","","","","","","","","","","",""
"","","","","FALSE","","","","","","","","","","","","","","","","","","","","",""
"","","","","FALSE","","","","","","","","","","","","","","","","","","","","",""
"","","","","FALSE","","","","","","","","","","","","","","","","","","","","",""
"","","","","FALSE","","","","","","","","","","","","","","","","","","","","",""
"","","","","FALSE","","","","","","","","","","","","","","","","","","","","",""
"","","","","FALSE","","","","","","","","","","","","","","","","","","","","",""
"","","","","FALSE","","","","","","","","","","","","","","","","","","","","",""
"","","","","FALSE","","","","","","","","","","","","","","","","","","","","",""
"","","","","FALSE","","","","","","","","","","","","","","","","","","","","",""
"","","","","FALSE","","","","","","","","","","","","","","","","","","","","",""
"","","","","FALSE","","","","","","","","","","","","","","","","","","","","",""
"","","","","FALSE","","","","","","","","","","","","","","","","","","","","",""
"","","","","FALSE","","","","","","","","","","","","","","","","","","","","",""
"","","","","FALSE","","","","","","","","","","","","","","","","","","","","",""
"","","","","FALSE","","","","","","","","","","","","","","","","","","","","",""
"","","","","FALSE","","","","","","","","","","","","","","","","","","","","",""
"","","","","FALSE","","","","","","","","","","","","","","","","","","","","",""
"","","","","FALSE","","","","","","","","","","","","","","","","","","","","",""
"","","","","FALSE","","","","","","","","","","","","","","","","","","","","",""
"","","","","FALSE","","","","","","","","","","","","","","","","","","","","",""
"","","","","FALSE","","","","","","","","","","","","","","","","","","","","",""
"","","","","FALSE","","","","","","","","","","","","","","","","","","","","",""
"","","","","FALSE","","","","","","","","","","","","","","","","","","","","",""
"","","","","FALSE","","","","","","","","","","","","","","","","","","","","",""
"","","","","FALSE","","","","","","","","","","","","","","","","","","","","",""
"","","","","FALSE","","","","","","","","","","","","","","","","","","","","",""
"","","","","FALSE","","","","","","","","","","","","","","","","","","","","",""
"","","","","FALSE","","","","","","","","","","","","","","","","","","","","",""
"","","","","FALSE","","","","","","","","","","","","","","","","","","","","",""
"","","","","FALSE","","","","","","","","","","","","","","","","","","","","",""
"","","","","FALSE","","","","","","","","","","","","","","","","","","","","",""
"","","","","FALSE","","","","","","","","","","","","","","","","","","","","",""
"","","","","FALSE","","","","","","","","","","","","","","","","","","","","",""
"","","","","FALSE","","","","","","","","","","","","","","","","","","","","",""
"","","","","FALSE","","","","","","","","","","","","","","","","","","","","",""
"","","","","FALSE","","","","","","","","","","","","","","","","","","","","",""
"","","","","FALSE","","","","","","","","","","","","","","","","","","","","",""
"","","","","FALSE","","","","","","","","","","","","","","","","","","","","",""
"","","","","FALSE","","","","","","","","","","","","","","","","","","","","",""
"","","","","FALSE","","","","","","","","","","","","","","","","","","","","",""
"","","","","FALSE","","","","","","","","","","","","","","","","","","","","",""
"","","","","FALSE","","","","","","","","","","","","","","","","","","","","",""
"","","","","FALSE","","","","","","","","","","","","","","","","","","","","",""
"","","","","FALSE","","","","","","","","","","","","","","","","","","","","",""
"","","","","FALSE","","","","","","","","","","","","","","","","","","","","",""
"","","","","FALSE","","","","","","","","","","","","","","","","","","","","",""
"","","","","FALSE","","","","","","","","","","","","","","","","","","","","",""
"","","","","FALSE","","","","","","","","","","","","","","","","","","","","",""
"","","","","FALSE","","","","","","","","","","","","","","","","","","","","",""
"","","","","FALSE","","","","","","","","","","","","","","","","","","","","",""
"","","","","FALSE","","","","","","","","","","","","","","","","","","","","",""
"","","","","FALSE","","","","","","","","","","","","","","","","","","","","",""
"","","","","FALSE","","","","","","","","","","","","","","","","","","","","",""
"","","","","FALSE","","","","","","","","","","","","","","","","","","","","",""
"","","","","FALSE","","","","","","","","","","","","","","","","","","","","",""
"","","","","FALSE","","","","","","","","","","","","","","","","","","","","",""
"","","","","FALSE","","","","","","","","","","","","","","","","","","","","",""
"","","","","FALSE","","","","","","","","","","","","","","","","","","","","",""
"","","","","FALSE","","","","","","","","","","","","","","","","","","","","",""
"","","","","FALSE","","","","","","","","","","","","","","","","","","","","",""
"","","","","FALSE","","","","","","","","","","","","","","","","","","","","",""
"","","","","FALSE","","","","","","","","","","","","","","","","","","","","",""
"","","","","FALSE","","","","","","","","","","","","","","","","","","","","",""
"","","","","FALSE","","","","","","","","","","","","","","","","","","","","",""
"","","","","FALSE","","","","","","","","","","","","","","","","","","","","",""