"","List of topics (being revised)","","","","Gap analysis","Revision 1","Revision 2","","","","","","","","","","","","","","","","","",""
"","Non-fermenter Schema","","","","","FALSE","FALSE","","","","","","","","","","","","","","","","","",""
"","Lab ID: Stenotrophomonas maltophilia","","","","","FALSE","FALSE","","","","","","","","","","","","","","","","","",""
"","Lab ID: P aeruginosa","","","","","FALSE","FALSE","","","","","","","","","","","","","","","","","",""
"","Lab ID: B mallei, B pseudomallei","","","","","FALSE","FALSE","","","","","","","","","","","","","","","","","",""
"","Lab ID B cepacia complex","","","","","FALSE","FALSE","","","","","","","","","","","","","","","","","",""
"","Lab ID - Acinetobacter","","","","","FALSE","FALSE","","","","","","","","","","","","","","","","","",""
"","2. Grampositive cocci","","","","","FALSE","FALSE","","","","","","","","","","","","","","","","","",""
"","2.1. ID7: Staphylococcus spp","","","","","FALSE","FALSE","","","","","","","","","","","","","","","","","",""
"","2.2. ID7: Micrococcus","","","","","FALSE","FALSE","","","","","","","","","","","","","","","","","",""
"","2.3. ID4: Streptococcus spp","","","","","FALSE","FALSE","","","","","","","","","","","","","","","","","",""
"","3. Gram positive rod","","","","","FALSE","FALSE","","","","","","","","","","","","","","","","","",""
"","3.1. ID2 Corynebacterium spp.","","","","","FALSE","FALSE","","","","","","","","","","","","","","","","","",""
"","3.2. ID8: Clostridium (C. perfringens, C. novyi, C. sordellii, C. septicum)","","","","","FALSE","FALSE","","","","","","","","","","","","","","","","","",""
"","3.3. ID3 Listeria","","","","","FALSE","FALSE","","","","","","","","","","","","","","","","","",""
"","3.4. ID3: Arcanobacterium","","","","","FALSE","FALSE","","","","","","","","","","","","","","","","","",""
"","3.5. ID9: Bacillus","","","","","FALSE","FALSE","","","","","","","","","","","","","","","","","",""
"","3.6. ID8: Clostridium tetani","","","","","FALSE","FALSE","","","","","","","","","","","","","","","","","",""
"","4. Gram negative","","","","","FALSE","FALSE","","","","","","","","","","","","","","","","","",""
"","4.1. ID5. Bordetella","","","","","FALSE","FALSE","","","","","","","","","","","","","","","","","",""
"","4.2. ID6. Neisseria","","","","","FALSE","FALSE","","","","","","","","","","","","","","","","","",""
"","4.3. Haemophilus","","","","","FALSE","FALSE","","","","","","","","","","","","","","","","","",""
"","4.4. Salmonella Species","","","","","FALSE","FALSE","","","","","","","","","","","","","","","","","",""
"","4.5. ID23: Campylobacter","","","","","FALSE","FALSE","","","","","","","","","","","","","","","","","",""
"","5. Culture media","","","","","FALSE","FALSE","","","","","","","","","","","","","","","","","",""
"","6. How to read SMI - by Dr Shruti Iyer","","","","","FALSE","FALSE","","","","","","","","","","","","","","","","","",""
"","6.1. B4: Mouth swab","","","","","FALSE","FALSE","","","","","","","","","","","","","","","","","",""
"","6.2. B5: Paranasal sinus samples","","","","","FALSE","FALSE","","","","","","","","","","","","","","","","","",""
"","6.3. B9: Throat related specimens","","","","","FALSE","FALSE","","","","","","","","","","","","","","","","","",""
"","6.4. B10: C difficile","","","","","FALSE","FALSE","","","","","","","","","","","","","","","","","",""
"","6.5. B11: Swab (Skin and superficial soft tissue infection)","","","","","FALSE","FALSE","","","","","","","","","","","","","","","","","",""
"","6.6. B14: Pus and exudate","","","","","FALSE","FALSE","","","","","","","","","","","","","","","","","",""
"","6.7. B15: Bile","","","","","FALSE","FALSE","","","","","","","","","","","","","","","","","",""
"","6.8. B17: Investigation of tissues and biopsies from deep-seated sites and organs","","","","","FALSE","FALSE","","","","","","","","","","","","","","","","","",""
"","6.9. B22:Investigation of Cerebrospinal Fluid Shunts (CSF)","","","","","FALSE","FALSE","","","","","","","","","","","","","","","","","",""
"","6.10. B26 Sterile site","","","","","FALSE","FALSE","","","","","","","","","","","","","","","","","",""
"","6.11. B28: Genital Tract and Associated Specimens","","","","","FALSE","FALSE","","","","","","","","","","","","","","","","","",""
"","6.12. B42: Investigation of bone and soft tissue associated with osteomyelitis","","","","","FALSE","FALSE","","","","","","","","","","","","","","","","","",""
"","6.13. B38: Investigation of bone marrow","","","","","FALSE","FALSE","","","","","","","","","","","","","","","","","",""
"","6.14. B57: BAL, Sputum","","","","","FALSE","FALSE","","","","","","","","","","","","","","","","","",""
"","6.15. B44: Investigation of orthopaedic implant associated infections","","","","","FALSE","FALSE","","","","","","","","","","","","","","","","","",""
"","7. Viology SMI summary","","","","","FALSE","FALSE","","","","","","","","","","","","","","","","","",""
"","7.1. V44: Syphilis","","","","","FALSE","FALSE","","","","","","","","","","","","","","","","","",""
"","7.2. V28: CMV","","","","","FALSE","FALSE","","","","","","","","","","","","","","","","","",""
"","8. Lab quality and safety","","","","","FALSE","FALSE","","","","","","","","","","","","","","","","","",""
"","8.1. Biological Safety Cabinets (BSCs)","","","","","FALSE","FALSE","","","","","","","","","","","","","","","","","",""
"","8.2. Containment level 3 (CL3)","","","","","FALSE","FALSE","","","","","","","","","","","","","","","","","",""
"","8.3. Westgard rule, Levey-Jennings and Shewhart's chart","","","","","FALSE","FALSE","","","","","","","","","","","","","","","","","",""
"","8.4. Laboratory spillage","","","","","FALSE","FALSE","","","","","","","","","","","","","","","","","",""
"","8.5. Data safety and quality in microbiology lab","","","","","FALSE","FALSE","","","","","","","","","","","","","","","","","",""
"","8.6. Microbiology and Virology Minimum Retesting Intervals","","","","","FALSE","FALSE","","","","","","","","","","","","","","","","","",""
"","8.7. Other quality and safety issues in the lab","","","","","FALSE","FALSE","","","","","","","","","","","","","","","","","",""
"","8.8. Investigating and Communicating Assay Performance Issues","","","","","FALSE","FALSE","","","","","","","","","","","","","","","","","",""
"","8.9. Engineering aspect in lab","","","","","FALSE","FALSE","","","","","","","","","","","","","","","","","",""
"","8.10. Chain of evidence","","","","","FALSE","FALSE","","","","","","","","","","","","","","","","","",""
"","9. UK laboratory structure (example)","","","","","FALSE","FALSE","","","","","","","","","","","","","","","","","",""
"","10. Negative scenario","","","","","FALSE","FALSE","","","","","","","","","","","","","","","","","",""
"","11. Sensitivity test","","","","","FALSE","FALSE","","","","","","","","","","","","","","","","","",""
"","11.1. Some definitions","","","","","FALSE","FALSE","","","","","","","","","","","","","","","","","",""
"","11.2. Routine quality control of sensitivity test","","","","","FALSE","FALSE","","","","","","","","","","","","","","","","","",""
"","11.3. RAST","","","","","FALSE","FALSE","","","","","","","","","","","","","","","","","",""
"","11.4. Resistance mechanism","","","","","FALSE","FALSE","","","","","","","","","","","","","","","","","",""
"","11.5. Checkerboard assay","","","","","FALSE","FALSE","","","","","","","","","","","","","","","","","",""
"","11.6. EUCAST Clinical breakpoint","","","","","FALSE","FALSE","","","","","","","","","","","","","","","","","",""
"","Screener antibiotics (EUCAST)","","18/1/26","","","FALSE","FALSE","","","","","","","","","","","","","","","","","",""
"","Laboratory tests","","","","","FALSE","FALSE","","","","","","","","","","","","","","","","","",""
"","","Whole genome sequencing","02/03/26","","","FALSE","FALSE","","","","","","","","","","","","","","","","","",""
"","","","","","","FALSE","FALSE","","","","","","","","","","","","","","","","","",""