"List of topics","List of topics2","Date","Gap analysis","Revision 1","Revision 2","Column 3","Column 4","Column 5","Column 6","Column 7","Column 8","Column 9","Column 10","Column 11","Column 12","Column 13","Column 14","Column 15","Column 16","Column 17","Column 18","Column 19","Column 20","Column 21","Column 22","Column 23"
"1. Candida","","","","FALSE","FALSE","","","","","","","","","","","","","","","","","","","","",""
"","1.1. Introduction","","","FALSE","FALSE","","","","","","","","","","","","","","","","","","","","",""
"","1.2. Oropharyngeal candidiasis","","","FALSE","FALSE","","","","","","","","","","","","","","","","","","","","",""
"","1.3. Oesophageal Candidiasis","","","FALSE","FALSE","","","","","","","","","","","","","","","","","","","","",""
"","1.4. Vulvovaginal candidiasis (VVC)","","","FALSE","FALSE","","","","","","","","","","","","","","","","","","","","",""
"","1.5. Candida in urine","","","FALSE","FALSE","","","","","","","","","","","","","","","","","","","","",""
"","1.6. Candidaemia","","","FALSE","FALSE","","","","","","","","","","","","","","","","","","","","",""
"","1.7. Candida in Critical care","","","FALSE","FALSE","","","","","","","","","","","","","","","","","","","","",""
"","1.8. Serology - galactomannan, glucan","","","FALSE","FALSE","","","","","","","","","","","","","","","","","","","","",""
"","1.9. Candida auris","","","FALSE","FALSE","","","","","","","","","","","","","","","","","","","","",""
"","1.10. management of Candidiasis (ECMM, ISHAM, ASM 2025 guideline)","","","FALSE","FALSE","","","","","","","","","","","","","","","","","","","","",""
"2. Aspergillus: Introduction","","","","FALSE","FALSE","","","","","","","","","","","","","","","","","","","","",""
"","2.1. Invasive Pulmonary Aspergillosis (IPA)","","","FALSE","FALSE","","","","","","","","","","","","","","","","","","","","",""
"","2.2. Allergic Bronchopulmonary Aspergillosis (ABPA)","","","FALSE","FALSE","","","","","","","","","","","","","","","","","","","","",""
"","2.3. Chronic pulmonary aspergillosis (CPA)","","","FALSE","FALSE","","","","","","","","","","","","","","","","","","","","",""
"3. Cryptococcus","","","","FALSE","FALSE","","","","","","","","","","","","","","","","","","","","",""
"4. Exophiala","","","","FALSE","FALSE","","","","","","","","","","","","","","","","","","","","",""
"5. Rhodotorula","","","","FALSE","FALSE","","","","","","","","","","","","","","","","","","","","",""
"6. Scedosporium apiospermum complex and Lomentospora prolificans","","","","FALSE","FALSE","","","","","","","","","","","","","","","","","","","","",""
"7. Pneumocystis jiroveci","","","","FALSE","FALSE","","","","","","","","","","","","","","","","","","","","",""
"8. Mucormycosis (zygomycosis)","","","","FALSE","FALSE","","","","","","","","","","","","","","","","","","","","",""
"9. Malassezia spp","","","","FALSE","FALSE","","","","","","","","","","","","","","","","","","","","",""
"10. Sporotrichosis","","","","FALSE","FALSE","","","","","","","","","","","","","","","","","","","","",""
"11. Fusarium","","","","FALSE","FALSE","","","","","","","","","","","","","","","","","","","","",""
"12. Coccidioidomycosis","","","","FALSE","FALSE","","","","","","","","","","","","","","","","","","","","",""
"13. Paracoccidioides","","","","FALSE","FALSE","","","","","","","","","","","","","","","","","","","","",""
"14. Dermatophytes","","","","FALSE","FALSE","","","","","","","","","","","","","","","","","","","","",""
"15. Cryptococcus","","","","FALSE","FALSE","","","","","","","","","","","","","","","","","","","","",""
"16. Microsporidia","","","","FALSE","FALSE","","","","","","","","","","","","","","","","","","","","",""
"17. Additional topics","","","","FALSE","FALSE","","","","","","","","","","","","","","","","","","","","",""
"","17.1. Fungal infection in lung transplant","","","FALSE","FALSE","","","","","","","","","","","","","","","","","","","","",""
"","17.2. Fungal infection haematological malignancy","","","FALSE","FALSE","","","","","","","","","","","","","","","","","","","","",""