"","List of topics","","","","Gap analysis","Revision 1","Revision 2","","","","","","","","","","","","","","","","","",""
"","1. Introduction","","","","","FALSE","FALSE","","","","","","","","","","","","","","","","","",""
"","2. Types of studies","","","","","FALSE","FALSE","","","","","","","","","","","","","","","","","",""
"","3. Case vs Cohort","","","","","FALSE","FALSE","","","","","","","","","","","","","","","","","",""
"","4. Terms used in studies","","","","","FALSE","FALSE","","","","","","","","","","","","","","","","","",""
"","5. Null hypothesis","","","","","FALSE","FALSE","","","","","","","","","","","","","","","","","",""
"","6. Bias","","","","","FALSE","FALSE","","","","","","","","","","","","","","","","","",""
"","7. Data","","","","","FALSE","FALSE","","","","","","","","","","","","","","","","","",""
"","8. Descriptive statistics","","","","","FALSE","FALSE","","","","","","","","","","","","","","","","","",""
"","8.1. Mean, mode, median, percentage, proportion","","","","","FALSE","FALSE","","","","","","","","","","","","","","","","","",""
"","8.2. Standard Deviation","","","","","FALSE","FALSE","","","","","","","","","","","","","","","","","",""
"","8.3. Coefficient of variance (CoV)","","","","","FALSE","FALSE","","","","","","","","","","","","","","","","","",""
"","8.4. Interquartile range (IQR)","","","","","FALSE","FALSE","","","","","","","","","","","","","","","","","",""
"","9. Inferential Statistics","","","","","FALSE","FALSE","","","","","","","","","","","","","","","","","",""
"","9.1. Confidence interval (CI)","","","","","FALSE","FALSE","","","","","","","","","","","","","","","","","",""
"","9.2. p-value [Important]","","","","","FALSE","FALSE","","","","","","","","","","","","","","","","","",""
"","10. Diagnostic Test Evaluation: Sensitivity, specificity, PPV, NPV, accuracy and likelihood ratio","","","","","FALSE","FALSE","","","","","","","","","","","","","","","","","",""
"","11. Comparative Effectiveness and Association Metrics: (NNT, Risk reduction, OR)","","","","","FALSE","FALSE","","","","","","","","","","","","","","","","","",""
"","12. Advanced Analysis Methods","","","","","FALSE","FALSE","","","","","","","","","","","","","","","","","",""
"","12.1. Multivariate and univariate analysis","","","","","FALSE","FALSE","","","","","","","","","","","","","","","","","",""
"","12.2. Survival analysis","","","","","FALSE","FALSE","","","","","","","","","","","","","","","","","",""
"","13. Common Statistical Tests and Models (Parametric and non-parametric test)","","","","","FALSE","FALSE","","","","","","","","","","","","","","","","","",""
"","14. Data visualisation","","","","","FALSE","FALSE","","","","","","","","","","","","","","","","","",""
"","14.1. Descriptive visualisation (bar chart, histogram, pie chart, frequency polygon, pareto chart, violin plot, swarm plot)","","","","","FALSE","FALSE","","","","","","","","","","","","","","","","","",""
"","14.2. Trend/time based visualisation (Line, Area, Kaplan-Meier, semi-logarithmic plot)","","","","","FALSE","FALSE","","","","","","","","","","","","","","","","","",""
"","14.3. Relationship/Correlation: (Scatterplot, Bubblechart, Heatmap, 3D Surface, Parallel","","","","","FALSE","FALSE","","","","","","","","","","","","","","","","","",""
"","14.4. Diagnostic/Model Performance (ROC, Confusion Matrix, Feature Importance, Forrest plot)","","","","","FALSE","FALSE","","","","","","","","","","","","","","","","","",""
"","14.5. Clustering/Grouping: (Dendrogram, t-SNE)","","","","","FALSE","FALSE","","","","","","","","","","","","","","","","","",""
"","14.6. Flow and process visualisations (Sankey)","","","","","FALSE","FALSE","","","","","","","","","","","","","","","","","",""
"","14.7. Statistical Assumption and Quality Check (Q-Q plot and funnel plot)","","","","","FALSE","FALSE","","","","","","","","","","","","","","","","","",""
"","14.8. Bland Altman plot","","","","","FALSE","FALSE","","","","","","","","","","","","","","","","","",""
"","15. Framework of reviewing literature","","","","","FALSE","FALSE","","","","","","","","","","","","","","","","","",""
"","15.1. PICO (Population, Intervention, Comparison, Outcome)","","","","","FALSE","FALSE","","","","","","","","","","","","","","","","","",""
"","15.2. CASP (Critical Appraisal Skills Programme)","","","","","","","","","","","","","","","","","","","","","","","",""
"","15.3. CONSORT (Consolidated Standards of Reporting Trials)","","","","","","","","","","","","","","","","","","","","","","","",""
"","15.4. PRISMA (Preferred Reporting Items for Systematic Reviews and Meta-Analyses)","","","","","","","","","","","","","","","","","","","","","","","",""
"","15.5. AMSTAR 2 (A Measurement Tool to Assess Systematic Reviews 2)","","","","","","","","","","","","","","","","","","","","","","","",""
"","15.6. SPIDER","","","","","","","","","","","","","","","","","","","","","","","",""
"","15.7. PROSPERO","","","","","","","","","","","","","","","","","","","","","","","",""
"","16. Errors","","","","","","","","","","","","","","","","","","","","","","","",""
"","17. Important trials - MERINO, OVIVA etc","","","","","","","","","","","","","","","","","","","","","","","",""