"","List of topics","","","Gap analysis","Revision 1","Revision 2","","","","","","","","","","","","","","","","","",""
"","1. Lung Transplant","","","","FALSE","FALSE","","","","","","","","","","","","","","","","","",""
"","1.1. Indications for Lung Transplantation","","","","FALSE","FALSE","","","","","","","","","","","","","","","","","",""
"","1.2. Recipient Screening Prior to Transplantation","","","","FALSE","FALSE","","","","","","","","","","","","","","","","","",""
"","1.3. Monitoring and Management While on the Waiting List","","","","FALSE","FALSE","","","","","","","","","","","","","","","","","",""
"","1.4. Donor Selection and Infectious Disease Considerations","","","","FALSE","FALSE","","","","","","","","","","","","","","","","","",""
"","1.5. Laboratory Investigations and Prophylaxis for Recipients","","","","FALSE","FALSE","","","","","","","","","","","","","","","","","",""
"","1.6. Post-Transplant Infection Risks and Timeline","","","","FALSE","FALSE","","","","","","","","","","","","","","","","","",""
"","1.7. Monitoring and Treatment of Post-Transplant Infections","","","","FALSE","FALSE","","","","","","","","","","","","","","","","","",""
"","1.8. Differential Diagnosis of Infections (Key Pathogens & Distinguishing Factors)","","","","FALSE","FALSE","","","","","","","","","","","","","","","","","",""
"","1.9. Immunosuppressive Regimens and Their Role in Infection Risk","","","","FALSE","FALSE","","","","","","","","","","","","","","","","","",""
"","1.10. Case studies","","","","FALSE","FALSE","","","","","","","","","","","","","","","","","",""
"","2. Bone marrow transplant (HSCT)","","","","FALSE","FALSE","","","","","","","","","","","","","","","","","",""
"","2.1. Indications for Bone Marrow Transplant","","","","FALSE","FALSE","","","","","","","","","","","","","","","","","",""
"","2.2. Types of Bone Marrow Transplant & Associated Infection Risks","","","","FALSE","FALSE","","","","","","","","","","","","","","","","","",""
"","2.3. Pre-Transplant Screening and Monitoring","","","","FALSE","FALSE","","","","","","","","","","","","","","","","","",""
"","2.4. Pre-Transplant Prophylaxis & Management","","","","FALSE","FALSE","","","","","","","","","","","","","","","","","",""
"","2.5. Post-Transplant Infection Risk Timeline & Management","","","","FALSE","FALSE","","","","","","","","","","","","","","","","","",""
"","2.6. Diagnostic Workup & Management of Suspected Infections","","","","FALSE","FALSE","","","","","","","","","","","","","","","","","",""
"","2.7. Long-Term Infection Prevention & Vaccination Strategies","","","","FALSE","FALSE","","","","","","","","","","","","","","","","","",""
"","2.8. Case studies","","","","FALSE","FALSE","","","","","","","","","","","","","","","","","",""
"","3. Renal transplant","","","","FALSE","FALSE","","","","","","","","","","","","","","","","","",""
"","3.1. Indications for Renal Transplant","","","","FALSE","FALSE","","","","","","","","","","","","","","","","","",""
"","3.2. Pre-Transplant Screening of Recipients","","","","FALSE","FALSE","","","","","","","","","","","","","","","","","",""
"","3.3. Donor Selection and Infection Screening","","","","FALSE","FALSE","","","","","","","","","","","","","","","","","",""
"","3.4. Laboratory Tests and Antimicrobial Prophylaxis","","","","FALSE","FALSE","","","","","","","","","","","","","","","","","",""
"","3.5. Post-Transplant Infection Risks and Timeline","","","","FALSE","FALSE","","","","","","","","","","","","","","","","","",""
"","3.6. Differential Diagnosis: Infection vs. Other Post-Transplant Deterioration","","","","FALSE","FALSE","","","","","","","","","","","","","","","","","",""
"","3.7. Immunosuppression and Infection Risk","","","","FALSE","FALSE","","","","","","","","","","","","","","","","","",""
"","3.8. Case Studies","","","","FALSE","FALSE","","","","","","","","","","","","","","","","","",""
"","4. Liver transplant","","","","FALSE","FALSE","","","","","","","","","","","","","","","","","",""
"","4.1. Indications for Liver Transplantation","","","","FALSE","FALSE","","","","","","","","","","","","","","","","","",""
"","4.2. Pre-Transplant Considerations","","","","FALSE","FALSE","","","","","","","","","","","","","","","","","",""
"","4.3. Donor Selection","","","","","","","","","","","","","","","","","","","","","","",""
"","4.4. Peri-Transplant Care","","","","","","","","","","","","","","","","","","","","","","",""
"","4.5. Post-Transplant Infection Risks","","","","","","","","","","","","","","","","","","","","","","",""
"","4.6. Monitoring and Treatment of Post-Transplant Infections","","","","","","","","","","","","","","","","","","","","","","",""
"","4.7. Immunosuppression and Infection Risk","","","","","","","","","","","","","","","","","","","","","","",""
"","4.8. Case Studies","","","","","","","","","","","","","","","","","","","","","","",""
"","5. Heart transplant","","","","","","","","","","","","","","","","","","","","","","",""
"","5.1. Indications","","","","","","","","","","","","","","","","","","","","","","",""
"","5.2. Types of Donors & Associated Infection Risks","","","","","","","","","","","","","","","","","","","","","","",""
"","5.3. Pre-Transplant Screening and Monitoring of Transplant Candidates","","","","","","","","","","","","","","","","","","","","","","",""
"","5.4. Pre-Transplant Prophylaxis & Management on the Waiting List","","","","","","","","","","","","","","","","","","","","","","",""
"","5.5. Donor Selection Criteria: Infections and Organ Acceptance","","","","","","","","","","","","","","","","","","","","","","",""
"","5.6. Post-Transplant Infection Risk Timeline & Management","","","","","","","","","","","","","","","","","","","","","","",""
"","5.7. Diagnostic Workup and Management of Suspected Infections in Heart Transplant Recipients","","","","","","","","","","","","","","","","","","","","","","",""
"","5.8. Long-Term Infection Prevention and Vaccination Strategies","","","","","","","","","","","","","","","","","","","","","","",""
"","5.9. Case Studies","","","","","","","","","","","","","","","","","","","","","","",""