"","List of topics","","","Gap analysis","Revision 1","Revision 2","","","","","","","","","","","","","","","","","","",""
"","1. Ch 13: Anthrax","","","","FALSE","FALSE","","","","","","","","","","","","","","","","","","",""
"","2. Ch 14: Cholera","","","","FALSE","FALSE","","","","","","","","","","","","","","","","","","",""
"","3. Ch14a: COVID-19 - SARS-CoV-2","","","","FALSE","FALSE","","","","","","","","","","","","","","","","","","",""
"","4. Ch 15: Diphtheria","","","","FALSE","FALSE","","","","","","","","","","","","","","","","","","",""
"","4.1. Diphtheria antitoxin (DAT)","","","","FALSE","FALSE","","","","","","","","","","","","","","","","","","",""
"","5. Ch 15a: Dengue","","","","FALSE","FALSE","","","","","","","","","","","","","","","","","","",""
"","6. Gonorrhoea","","","","FALSE","FALSE","","","","","","","","","","","","","","","","","","",""
"","7. Ch 16: Haemophilus influenzae B","","","","FALSE","FALSE","","","","","","","","","","","","","","","","","","",""
"","8. Ch17: Hepatitis A","","","","FALSE","FALSE","","","","","","","","","","","","","","","","","","",""
"","9. Ch 18: Hepatitis B","","","","FALSE","FALSE","","","","","","","","","","","","","","","","","","",""
"","9.1. Who needs Hep B vaccine?","","","","FALSE","FALSE","","","","","","","","","","","","","","","","","","",""
"","9.2. Hepatitis B immunoglobulin","","","","FALSE","FALSE","","","","","","","","","","","","","","","","","","",""
"","10. Ch 18a: HPV","","","","FALSE","FALSE","","","","","","","","","","","","","","","","","","",""
"","11. Ch 19: Influenza","","","","FALSE","FALSE","","","","","","","","","","","","","","","","","","",""
"","12. Ch 20: Japanese encephalitis","","","","FALSE","FALSE","","","","","","","","","","","","","","","","","","",""
"","13. Ch 21: Measles","30/12/25","","","FALSE","FALSE","","","","","","","","","","","","","","","","","","",""
"","14. Ch 22: Meningococcus","","","","FALSE","FALSE","","","","","","","","","","","","","","","","","","",""
"","15. Ch 23: Mumps","","","","FALSE","FALSE","","","","","","","","","","","","","","","","","","",""
"","16. Ch 24: Pertussis","","","","FALSE","FALSE","","","","","","","","","","","","","","","","","","",""
"","17. Ch 25: Pneumococcal vaccine","","","","FALSE","FALSE","","","","","","","","","","","","","","","","","","",""
"","18. Ch 26: Polio","","","","FALSE","FALSE","","","","","","","","","","","","","","","","","","",""
"","18.1. Vaccine-derived Polio Virus (VDPV)","","","","FALSE","FALSE","","","","","","","","","","","","","","","","","","",""
"","19. Ch 27: Rabies vaccine and HRIG","","","","FALSE","FALSE","","","","","","","","","","","","","","","","","","",""
"","20. Ch 27a: RSV","","","","FALSE","FALSE","","","","","","","","","","","","","","","","","","",""
"","20.1. RSV monoclonal antibodies","","","","FALSE","FALSE","","","","","","","","","","","","","","","","","","",""
"","21. Ch 27b: Rotavirus","","","","FALSE","FALSE","","","","","","","","","","","","","","","","","","",""
"","22. Ch 28: Rubella","","","","FALSE","FALSE","","","","","","","","","","","","","","","","","","",""
"","23. Ch 28a: Shingles","","","","FALSE","FALSE","","","","","","","","","","","","","","","","","","",""
"","24. Ch 29: Mpox","","","","FALSE","FALSE","","","","","","","","","","","","","","","","","","",""
"","25. Ch 30: Tetanus","","","","FALSE","FALSE","","","","","","","","","","","","","","","","","","",""
"","26. Ch 31: Tick-borne Encephalitis","","","","FALSE","FALSE","","","","","","","","","","","","","","","","","","",""
"","27. Ch 32: TB (BCG)","","","","FALSE","FALSE","","","","","","","","","","","","","","","","","","",""
"","28. Ch 33: Typhoid","","","","","","","","","","","","","","","","","","","","","","","",""
"","29. Ch 34: Varicella","20/12/25","","","","","","","","","","","","","","","","","","","","","","",""
"","30. Ch 35: Yellow fever","","","","","","","","","","","","","","","","","","","","","","","",""
"","31. Part 1 of Greenbook","","","","","","","","","","","","","","","","","","","","","","","",""
"","31.1. Ch 1: Immunity and How Vaccines Work","","","","","","","","","","","","","","","","","","","","","","","",""
"","31.2. Ch 2: Consent","","","","","","","","","","","","","","","","","","","","","","","",""
"","31.3. Ch 3: Vaccine Storage, Distribution and Disposal","","","","","","","","","","","","","","","","","","","","","","","",""
"","31.4. Ch 4: Immunisation procedure","","","","","","","","","","","","","","","","","","","","","","","",""
"","31.5. Ch 5: Immunisation by Nurses and Other Healthcare Professionals","","","","","","","","","","","","","","","","","","","","","","","",""
"","31.10. Ch 10: The Vaccine Damage Payment Scheme (VDPS)","","","","","","","","","","","","","","","","","","","","","","","",""
"","31.12. Ch 12: Immunization of Healthcare and Laboratory Staff","","","","","","","","","","","","","","","","","","","","","","","",""
"","32. Additional notes","","","","","","","","","","","","","","","","","","","","","","","",""
"","32.1. Vaccination in pregnancy","11/1/26","","","","","","","","","","","","","","","","","","","","","","",""
"","Vaccine safety (Ch8, Ch9)","4/1/26","","","","","","","","","","","","","","","","","","","","","","",""
"","32.3. JCVI, vaccination policy and national immunisation programme","5/1/26","","","","","","","","","","","","","","","","","","","","","","",""
"","32.4. Vaccine surveillance","5/1/26","","","","","","","","","","","","","","","","","","","","","","",""
"","32.5. Ring vaccination","11/1/26","","","","","","","","","","","","","","","","","","","","","","",""
"","32.6. Immunisation in immunocompromised patients","11/1/26","","","","","","","","","","","","","","","","","","","","","","",""
"","32.7. CH 6, 7 Special conditions","11/1/26","","","","","","","","","","","","","","","","","","","","","","",""
"","32.8. Vaccination in asplenia","11/1/26","","","","","","","","","","","","","","","","","","","","","","",""