"Column 1","List of topics","Column 2","Date updated","Gap analysis","Revision 1","Revision 2","Column 6","Column 7","Column 8","Column 9","Column 10","Column 11","Column 12","Column 13","Column 14","Column 15","Column 16","Column 17","Column 18","Column 19","Column 20","Column 21","Column 22"
"","1. Virology introduction","","","","FALSE","FALSE","","","","","","","","","","","","","","","","",""
"","","1.1. Baltimore classification","","","FALSE","FALSE","","","","","","","","","","","","","","","","",""
"","","1.2. Virus - envelope, symmetry, type of nucleic acid","","","FALSE","FALSE","","","","","","","","","","","","","","","","",""
"","","1.3. Antivirals MoA and MoR","","","FALSE","FALSE","","","","","","","","","","","","","","","","",""
"","","1.4. Syndromes","","","FALSE","FALSE","","","","","","","","","","","","","","","","",""
"","","1.5. Oncogenic virus","","","FALSE","FALSE","","","","","","","","","","","","","","","","",""
"","","1.6. Viral receptor","","","FALSE","FALSE","","","","","","","","","","","","","","","","",""
"","2. Hepatitis","","","","FALSE","FALSE","","","","","","","","","","","","","","","","",""
"","","2.1. Hepatitis A","","","FALSE","FALSE","","","","","","","","","","","","","","","","",""
"","","2.2. Hepatitis B","","","FALSE","FALSE","","","","","","","","","","","","","","","","",""
"","","2.3. Hepatitis B treatment","","","FALSE","FALSE","","","","","","","","","","","","","","","","",""
"","","2.4. Hepatitis C","","","FALSE","FALSE","","","","","","","","","","","","","","","","",""
"","","2.5. Hepatitis D","","","FALSE","FALSE","","","","","","","","","","","","","","","","",""
"","","2.6. Hepatitis E","","","FALSE","FALSE","","","","","","","","","","","","","","","","",""
"","3. HIV","","","","FALSE","FALSE","","","","","","","","","","","","","","","","",""
"","","3.1. HIV diagnosis","","","FALSE","FALSE","","","","","","","","","","","","","","","","",""
"","","3.2. HIV primary infection","","","FALSE","FALSE","","","","","","","","","","","","","","","","",""
"","","3.3. HIV treatment","","","FALSE","FALSE","","","","","","","","","","","","","","","","",""
"","","3.4. HIV - HBV co-infection","","","FALSE","FALSE","","","","","","","","","","","","","","","","",""
"","","3.5. HIV 2","","","FALSE","FALSE","","","","","","","","","","","","","","","","",""
"","","3.6. HIV and vaccine","","","FALSE","FALSE","","","","","","","","","","","","","","","","",""
"","","3.7. HIV Prophylaxis","","","FALSE","FALSE","","","","","","","","","","","","","","","","",""
"","","3.8. BBV optout test in emergency department","","","FALSE","FALSE","","","","","","","","","","","","","","","","",""
"","4. Herpesvirus","","","","FALSE","FALSE","","","","","","","","","","","","","","","","",""
"","","4.1. Herpes Simplex Virus (HSV)","","","FALSE","FALSE","","","","","","","","","","","","","","","","",""
"","","4.2. EBV","","","FALSE","FALSE","","","","","","","","","","","","","","","","",""
"","","4.3. Varicella zoster virus (VZV)","","","FALSE","FALSE","","","","","","","","","","","","","","","","",""
"","","4.4. B virus or Macacine herpesvirus 1","","","FALSE","FALSE","","","","","","","","","","","","","","","","",""
"","","4.5. CMV","","","FALSE","FALSE","","","","","","","","","","","","","","","","",""
"","","4.6. HHV6","","","FALSE","FALSE","","","","","","","","","","","","","","","","",""
"","","4.7. HHV8","","","FALSE","FALSE","","","","","","","","","","","","","","","","",""
"","5. PAPOVA virus","","","","FALSE","FALSE","","","","","","","","","","","","","","","","",""
"","","5.1. BK virusw","","","FALSE","FALSE","","","","","","","","","","","","","","","","",""
"","","5.2. JC virus","","","FALSE","FALSE","","","","","","","","","","","","","","","","",""
"","","5.3. Human Papillomavirus (HPV)","","","FALSE","FALSE","","","","","","","","","","","","","","","","",""
"","6. Paramyxovirus: An Introduction","","","","FALSE","FALSE","","","","","","","","","","","","","","","","",""
"","","6.1. Human Metapneumovirus (hMPV)","","","FALSE","FALSE","","","","","","","","","","","","","","","","",""
"","","6.2. Respiratory Syncytial Virus (RSV)","","","FALSE","FALSE","","","","","","","","","","","","","","","","",""
"","","6.3. Measles","","","FALSE","FALSE","","","","","","","","","","","","","","","","",""
"","","6.4. Mumps (MuV)","","","FALSE","FALSE","","","","","","","","","","","","","","","","",""
"","","6.5. Henipavirus","","","FALSE","FALSE","","","","","","","","","","","","","","","","",""
"","","6.6. Parainfluenzavirus (PIV)","","","FALSE","FALSE","","","","","","","","","","","","","","","","",""
"","7. Coronavirus","","","","FALSE","FALSE","","","","","","","","","","","","","","","","",""
"","","7.1. SARS-CoV-2","","","FALSE","FALSE","","","","","","","","","","","","","","","","",""
"","","7.2. COVID 19 treatment","","","FALSE","FALSE","","","","","","","","","","","","","","","","",""
"","","7.3. Other Human Coronaviruses","","","FALSE","FALSE","","","","","","","","","","","","","","","","",""
"","","7.4. MERS CoV","","","FALSE","FALSE","","","","","","","","","","","","","","","","",""
"","8. Other DNA virus","","","","FALSE","FALSE","","","","","","","","","","","","","","","","",""
"","","8.1. Adenovirus","","","FALSE","FALSE","","","","","","","","","","","","","","","","",""
"","","8.2. Parvovirus","","","FALSE","FALSE","","","","","","","","","","","","","","","","",""
"","9. Other RNA virus","","","","FALSE","FALSE","","","","","","","","","","","","","","","","",""
"","","9.1. Chikungunya (CHIKV)","","","FALSE","FALSE","","","","","","","","","","","","","","","","",""
"","","9.2. Rubella","","","FALSE","FALSE","","","","","","","","","","","","","","","","",""
"","","9.3. Rabies","","","FALSE","FALSE","","","","","","","","","","","","","","","","",""
"","","9.4. Lymphocytic choriomeningitis virus (LCMV)","","","FALSE","FALSE","","","","","","","","","","","","","","","","",""
"","","9.5. Rotavirus","","","FALSE","FALSE","","","","","","","","","","","","","","","","",""
"","","9.6. Norovirus","","","FALSE","FALSE","","","","","","","","","","","","","","","","",""
"","","9.7. Astrovirus and Sapovirus","","","FALSE","FALSE","","","","","","","","","","","","","","","","",""
"","","9.8. Oropouche virus (OROV)","","","FALSE","FALSE","","","","","","","","","","","","","","","","",""
"","10. Enterovirus","","","","FALSE","FALSE","","","","","","","","","","","","","","","","",""
"","","10.1. Poliovirus","","","FALSE","FALSE","","","","","","","","","","","","","","","","",""
"","","10.2. Rhinovirus","","","FALSE","FALSE","","","","","","","","","","","","","","","","",""
"","","10.3. Coxsackievirus","","","FALSE","FALSE","","","","","","","","","","","","","","","","",""
"","11. Poxvirus","","","","FALSE","FALSE","","","","","","","","","","","","","","","","",""
"","","11.1. Orf","","","FALSE","FALSE","","","","","","","","","","","","","","","","",""
"","","11.2. Moluscum contagiosum (MC)","","","FALSE","FALSE","","","","","","","","","","","","","","","","",""
"","","11.3. Milker's nodule (MN)","","","FALSE","FALSE","","","","","","","","","","","","","","","","",""
"","","11.4. Mpox","","","FALSE","FALSE","","","","","","","","","","","","","","","","",""
"","12. Orthomyxoviruses","","","","FALSE","FALSE","","","","","","","","","","","","","","","","",""
"","","12.1. Influenza virus","","","FALSE","FALSE","","","","","","","","","","","","","","","","",""
"","","12.2. Influenza treatment","","","FALSE","FALSE","","","","","","","","","","","","","","","","",""
"","","12.3. Avian influenza","","","FALSE","FALSE","","","","","","","","","","","","","","","","",""
"","13. Flavivirus","","","","FALSE","FALSE","","","","","","","","","","","","","","","","",""
"","","13.1. Dengue","","","FALSE","FALSE","","","","","","","","","","","","","","","","",""
"","","13.2. West Nile Virus","","","FALSE","FALSE","","","","","","","","","","","","","","","","",""
"","","13.3. Yellow fever","","","FALSE","FALSE","","","","","","","","","","","","","","","","",""
"","","13.4. Zika","","","FALSE","FALSE","","","","","","","","","","","","","","","","",""
"","14. VHF","","","","FALSE","FALSE","","","","","","","","","","","","","","","","",""
"","","14.1. Lassa fever","","","FALSE","FALSE","","","","","","","","","","","","","","","","",""
"","","14.2. Marburg virus","","","FALSE","FALSE","","","","","","","","","","","","","","","","",""
"","","14.3. Rift Valley fever","","","FALSE","FALSE","","","","","","","","","","","","","","","","",""
"","","14.4. SFTS virus","","","FALSE","FALSE","","","","","","","","","","","","","","","","",""
"","","14.5. Hantavirus","","","FALSE","FALSE","","","","","","","","","","","","","","","","",""
"","","14.6. Ebola","","","FALSE","FALSE","","","","","","","","","","","","","","","","",""
"","15. Creutzfeldt-Jakob disease (CJD), Prion disease","","","","FALSE","FALSE","","","","","","","","","","","","","","","","",""